Year,Month,Day,O3,PM2.5,Environmental_risk
2008,1,1,29.63,,
2008,1,2,21.46,,
2008,1,3,24.25,,
2008,1,4,29.04,,
2008,1,5,30.17,,
2008,1,6,29.5,,
2008,1,7,26.79,,
2008,1,8,25.29,,
2008,1,9,14.62,,
2008,1,10,18.17,,
2008,1,11,30.42,,
2008,1,12,30.21,,
2008,1,13,22.71,,
2008,1,14,17.96,,
2008,1,15,25.96,,
2008,1,16,30.79,,
2008,1,17,28.0,,
2008,1,18,26.46,,
2008,1,19,31.75,,
2008,1,20,25.12,,
2008,1,21,22.92,,
2008,1,22,23.62,,
2008,1,23,24.92,,
2008,1,24,23.71,,
2008,1,25,20.0,,
2008,1,26,18.92,,
2008,1,27,25.0,,
2008,1,28,23.5,,
2008,1,29,20.29,,
2008,1,30,22.5,,
2008,1,31,18.75,,
2008,2,1,22.08,,
2008,2,2,25.42,,
2008,2,3,23.08,,
2008,2,4,22.04,,
2008,2,5,20.79,,
2008,2,6,16.96,,
2008,2,7,21.5,,
2008,2,8,20.75,,
2008,2,9,22.29,,
2008,2,10,32.08,,
2008,2,11,26.5,,
2008,2,12,28.75,,
2008,2,13,24.25,,
2008,2,14,22.12,,
2008,2,15,21.83,,
2008,2,16,23.75,,
2008,2,17,23.33,,
2008,2,18,24.46,,
2008,2,19,23.67,,
2008,2,20,20.08,,
2008,2,21,23.58,,
2008,2,22,23.88,,
2008,2,23,22.79,,
2008,2,24,20.5,,
2008,2,25,23.0,,
2008,2,26,23.17,,
2008,2,27,20.58,,
2008,2,28,27.17,,
2008,2,29,18.42,,
2008,3,1,16.25,,
2008,3,2,20.46,,
2008,3,3,18.29,,
2008,3,4,18.08,,
2008,3,5,21.25,,
2008,3,6,19.71,,
2008,3,7,12.83,,
2008,3,8,17.92,,
2008,3,9,22.0,,
2008,3,10,19.25,,
2008,3,11,13.67,,
2008,3,12,22.88,,
2008,3,13,25.75,,
2008,3,14,19.62,,
2008,3,15,20.12,,
2008,3,16,16.67,,
2008,3,17,20.54,,
2008,3,18,24.29,,
2008,3,19,19.5,,
2008,3,20,24.08,,
2008,3,21,26.33,,
2008,3,22,30.42,,
2008,3,23,22.83,,
2008,3,24,19.58,,
2008,3,25,17.38,,
2008,3,26,22.17,,
2008,3,27,24.58,,
2008,3,28,24.96,,
2008,3,29,22.75,,
2008,3,30,20.42,,
2008,3,31,20.04,,
2008,4,1,21.33,,
2008,4,2,23.62,,
2008,4,3,21.04,,
2008,4,4,22.83,,
2008,4,5,24.0,,
2008,4,6,19.67,,
2008,4,7,16.54,,
2008,4,8,18.5,,
2008,4,9,23.71,,
2008,4,10,18.88,,
2008,4,11,8.63,,
2008,4,12,12.12,,
2008,4,13,17.25,,
2008,4,14,15.96,,
2008,4,15,16.08,,
2008,4,16,17.96,,
2008,4,17,21.62,,
2008,4,18,19.92,,
2008,4,19,26.21,,
2008,4,20,25.5,,
2008,4,21,11.42,,
2008,4,22,9.5,,
2008,4,23,11.25,,
2008,4,24,12.46,,
2008,4,25,6.88,,
2008,4,26,16.71,,
2008,4,27,13.83,,
2008,4,28,7.83,,
2008,4,29,7.21,,
2008,4,30,7.75,,
2008,5,1,13.21,,
2008,5,2,14.92,,
2008,5,3,19.83,,
2008,5,4,20.54,,
2008,5,5,15.75,,
2008,5,6,9.43,,
2008,5,7,8.46,48.53,medio
2008,5,8,12.96,56.57,medio
2008,5,9,12.0,54.0,medio
2008,5,10,15.33,69.4,medio
2008,5,11,18.12,91.08,medio
2008,5,12,12.88,55.09,medio
2008,5,13,12.92,59.19,medio
2008,5,14,13.92,42.94,medio
2008,5,15,12.08,81.66,medio
2008,5,16,16.25,72.38,medio
2008,5,17,6.63,33.59,medio
2008,5,18,7.58,30.85,medio
2008,5,19,5.04,14.25,Bajo
2008,5,20,2.04,28.98,medio
2008,5,21,2.21,22.09,medio
2008,5,22,2.17,39.1,medio
2008,5,23,11.04,12.29,Bajo
2008,5,24,5.54,30.84,medio
2008,5,25,4.08,40.99,medio
2008,5,26,2.71,28.62,medio
2008,5,27,6.42,13.74,Bajo
2008,5,28,11.0,31.5,medio
2008,5,29,6.54,59.6,medio
2008,5,30,5.0,63.21,medio
2008,5,31,6.04,98.54,medio
2008,6,1,4.83,67.69,medio
2008,6,2,8.54,46.67,medio
2008,6,3,1.58,63.36,medio
2008,6,4,1.83,21.51,medio
2008,6,5,9.04,12.76,Bajo
2008,6,6,7.25,33.19,medio
2008,6,7,7.75,27.53,medio
2008,6,8,8.21,44.36,medio
2008,6,9,6.38,33.74,medio
2008,6,10,5.88,44.07,medio
2008,6,11,5.21,48.39,medio
2008,6,12,5.88,62.6,medio
2008,6,13,6.17,66.23,medio
2008,6,14,8.04,57.55,medio
2008,6,15,9.92,83.02,medio
2008,6,16,7.25,45.62,medio
2008,6,17,3.96,47.67,medio
2008,6,18,1.58,43.26,medio
2008,6,19,4.46,18.17,Bajo
2008,6,20,2.25,33.93,medio
2008,6,21,4.96,79.65,medio
2008,6,22,3.83,90.34,medio
2008,6,23,2.25,76.47,medio
2008,6,24,2.04,70.06,medio
2008,6,25,3.83,79.8,medio
2008,6,26,5.33,53.75,medio
2008,6,27,4.52,69.06,medio
2008,6,28,5.46,84.72,medio
2008,6,29,9.88,64.78,medio
2008,6,30,7.63,82.58,medio
2008,7,1,10.5,71.48,medio
2008,7,2,8.0,64.44,medio
2008,7,3,8.79,44.32,medio
2008,7,4,5.13,22.45,medio
2008,7,5,3.92,49.09,medio
2008,7,6,6.0,57.43,medio
2008,7,7,6.92,54.75,medio
2008,7,8,7.88,72.17,medio
2008,7,9,6.17,54.02,medio
2008,7,10,5.5,38.41,medio
2008,7,11,4.38,39.03,medio
2008,7,12,4.38,43.23,medio
2008,7,13,6.96,39.59,medio
2008,7,14,5.08,44.34,medio
2008,7,15,5.29,37.63,medio
2008,7,16,7.42,32.83,medio
2008,7,17,9.29,7.88,Bajo
2008,7,18,4.21,37.98,medio
2008,7,19,2.29,70.26,medio
2008,7,20,4.04,37.74,medio
2008,7,21,3.58,47.87,medio
2008,7,22,4.33,49.11,medio
2008,7,23,10.46,19.3,medio
2008,7,24,3.63,57.16,medio
2008,7,25,4.29,60.02,medio
2008,7,26,10.04,56.84,medio
2008,7,27,10.75,30.69,medio
2008,7,28,3.42,55.79,medio
2008,7,29,8.33,48.92,medio
2008,7,30,3.54,50.11,medio
2008,7,31,8.13,39.75,medio
2008,8,1,4.08,20.47,medio
2008,8,2,9.46,15.58,Bajo
2008,8,3,9.0,33.41,medio
2008,8,4,5.79,26.32,medio
2008,8,5,6.71,29.01,medio
2008,8,6,9.25,37.57,medio
2008,8,7,9.0,41.12,medio
2008,8,8,8.75,52.24,medio
2008,8,9,7.04,57.6,medio
2008,8,10,4.92,63.67,medio
2008,8,11,5.88,25.88,medio
2008,8,12,8.54,34.02,medio
2008,8,13,3.33,49.43,medio
2008,8,14,2.08,44.78,medio
2008,8,15,4.58,17.83,Bajo
2008,8,16,12.46,7.68,Bajo
2008,8,17,13.0,23.2,medio
2008,8,18,9.21,13.55,Bajo
2008,8,19,11.79,10.26,Bajo
2008,8,20,10.0,17.67,Bajo
2008,8,21,10.33,28.33,medio
2008,8,22,10.83,32.95,medio
2008,8,23,11.54,29.0,medio
2008,8,24,15.54,45.97,medio
2008,8,25,14.46,21.96,medio
2008,8,26,9.63,12.18,Bajo
2008,8,27,14.79,7.48,Bajo
2008,8,28,13.58,12.74,Bajo
2008,8,29,10.92,32.66,medio
2008,8,30,14.96,41.19,medio
2008,8,31,11.83,34.46,medio
2008,9,1,13.29,8.0,Bajo
2008,9,2,11.83,9.17,Bajo
2008,9,3,9.08,10.96,Bajo
2008,9,4,8.17,17.37,Bajo
2008,9,5,11.81,20.9,medio
2008,9,6,13.29,38.4,medio
2008,9,7,12.58,32.11,medio
2008,9,8,13.42,28.58,medio
2008,9,9,7.17,21.21,medio
2008,9,10,11.75,14.6,Bajo
2008,9,11,12.42,22.16,medio
2008,9,12,14.96,52.06,medio
2008,9,13,18.75,39.34,medio
2008,9,14,20.46,41.05,medio
2008,9,15,18.83,30.26,medio
2008,9,16,19.83,36.83,medio
2008,9,17,15.29,19.27,medio
2008,9,18,13.71,18.26,Bajo
2008,9,19,20.21,20.57,medio
2008,9,20,20.0,29.32,medio
2008,9,21,23.5,34.14,medio
2008,9,22,14.58,25.42,medio
2008,9,23,15.88,20.79,medio
2008,9,24,20.29,28.76,medio
2008,9,25,10.75,26.25,medio
2008,9,26,17.88,8.54,Bajo
2008,9,27,19.79,10.95,Bajo
2008,9,28,21.08,15.16,Bajo
2008,9,29,18.67,19.55,medio
2008,9,30,14.79,12.45,Bajo
2008,10,1,16.46,14.22,Bajo
2008,10,2,13.62,18.86,Bajo
2008,10,3,13.5,12.08,Bajo
2008,10,4,18.79,18.33,Bajo
2008,10,5,18.12,17.03,Bajo
2008,10,6,18.58,21.99,medio
2008,10,7,19.83,23.29,medio
2008,10,8,13.62,16.6,Bajo
2008,10,9,13.0,21.41,medio
2008,10,10,8.17,15.58,Bajo
2008,10,11,10.42,15.92,Bajo
2008,10,12,12.08,17.79,Bajo
2008,10,13,11.04,15.14,Bajo
2008,10,14,16.04,20.66,medio
2008,10,15,19.17,22.45,medio
2008,10,16,20.17,28.58,medio
2008,10,17,21.83,22.73,medio
2008,10,18,25.33,28.55,medio
2008,10,19,20.96,20.2,medio
2008,10,20,14.58,11.33,Bajo
2008,10,21,20.04,13.12,Bajo
2008,10,22,19.04,18.6,Bajo
2008,10,23,23.92,21.82,medio
2008,10,24,22.54,22.8,medio
2008,10,25,13.58,16.0,Bajo
2008,10,26,24.33,22.4,medio
2008,10,27,18.42,17.17,Bajo
2008,10,28,19.92,11.31,Bajo
2008,10,29,22.29,17.6,Bajo
2008,10,30,20.17,23.43,medio
2008,10,31,20.17,19.34,medio
2008,11,1,20.42,18.28,Bajo
2008,11,2,22.46,22.79,medio
2008,11,3,16.29,18.59,Bajo
2008,11,4,23.25,20.47,medio
2008,11,5,19.67,14.47,Bajo
2008,11,6,17.04,14.54,Bajo
2008,11,7,13.75,12.76,Bajo
2008,11,8,16.96,12.92,Bajo
2008,11,9,20.92,13.89,Bajo
2008,11,10,23.62,16.51,Bajo
2008,11,11,20.92,20.02,medio
2008,11,12,22.08,19.33,medio
2008,11,13,23.09,18.91,Bajo
2008,11,14,21.71,14.39,Bajo
2008,11,15,30.62,15.67,extremo
2008,11,16,33.54,19.29,medio
2008,11,17,30.88,21.91,medio
2008,11,18,33.29,25.67,medio
2008,11,19,26.79,19.31,medio
2008,11,20,26.17,14.25,Bajo
2008,11,21,23.62,14.1,Bajo
2008,11,22,23.42,11.21,Bajo
2008,11,23,27.46,13.67,extremo
2008,11,24,29.83,15.74,extremo
2008,11,25,27.5,15.3,extremo
2008,11,26,19.33,17.86,Bajo
2008,11,27,21.0,12.01,Bajo
2008,11,28,21.96,11.32,Bajo
2008,11,29,24.12,12.28,Bajo
2008,11,30,28.29,14.3,extremo
2008,12,1,22.71,14.55,Bajo
2008,12,2,24.17,18.86,Bajo
2008,12,3,22.54,18.17,Bajo
2008,12,4,29.79,18.88,extremo
2008,12,5,28.21,18.1,extremo
2008,12,6,25.92,16.11,Bajo
2008,12,7,26.29,13.61,Bajo
2008,12,8,26.83,10.64,Bajo
2008,12,9,27.71,14.09,extremo
2008,12,10,32.62,19.67,medio
2008,12,11,24.17,23.36,medio
2008,12,12,29.08,17.21,extremo
2008,12,13,27.04,16.36,extremo
2008,12,14,27.5,17.13,extremo
2008,12,15,20.12,13.6,Bajo
2008,12,16,21.38,12.91,Bajo
2008,12,17,26.96,17.3,Bajo
2008,12,18,27.5,16.33,extremo
2008,12,19,29.12,16.88,extremo
2008,12,20,22.17,13.47,Bajo
2008,12,21,23.83,16.66,Bajo
2008,12,22,28.54,18.11,extremo
2008,12,23,30.12,24.11,medio
2008,12,24,22.58,23.73,medio
2008,12,25,26.54,18.31,Bajo
2008,12,26,24.83,24.9,medio
2008,12,27,22.58,23.1,medio
2008,12,28,28.54,16.06,extremo
2008,12,29,30.92,21.13,medio
2008,12,30,32.08,22.16,medio
2008,12,31,32.04,27.42,medio
2009,1,1,27.67,23.92,Alto
2009,1,2,29.08,21.29,Alto
2009,1,3,31.42,29.67,Alto
2009,1,4,25.79,21.54,Alto
2009,1,5,22.75,17.08,nulo
2009,1,6,21.25,9.75,nulo
2009,1,7,25.04,17.17,Alto
2009,1,8,29.88,18.58,Alto
2009,1,9,30.71,21.12,Alto
2009,1,10,31.25,19.42,Alto
2009,1,11,26.42,,
2009,1,12,23.75,,
2009,1,13,29.04,20.67,Alto
2009,1,14,19.38,11.29,nulo
2009,1,15,27.88,18.62,Alto
2009,1,16,28.21,17.25,Alto
2009,1,17,27.58,23.21,Alto
2009,1,18,28.25,15.92,Alto
2009,1,19,30.17,19.58,Alto
2009,1,20,31.71,25.12,Alto
2009,1,21,27.75,22.92,Alto
2009,1,22,29.83,22.17,Alto
2009,1,23,28.08,25.29,Alto
2009,1,24,25.62,15.04,Alto
2009,1,25,29.08,15.04,Alto
2009,1,26,27.17,19.17,Alto
2009,1,27,30.88,26.88,Alto
2009,1,28,27.42,26.92,Alto
2009,1,29,20.38,23.25,nulo
2009,1,30,26.42,20.12,Alto
2009,1,31,26.88,19.62,Alto
2009,2,1,28.71,20.08,medio
2009,2,2,25.83,17.68,Bajo
2009,2,3,26.79,21.54,medio
2009,2,4,19.79,13.88,Bajo
2009,2,5,21.67,12.0,Bajo
2009,2,6,28.21,15.67,extremo
2009,2,7,26.58,19.38,medio
2009,2,8,31.67,16.54,extremo
2009,2,9,23.17,22.42,medio
2009,2,10,27.79,23.96,medio
2009,2,11,31.38,25.08,medio
2009,2,12,29.54,27.0,medio
2009,2,13,28.54,20.5,medio
2009,2,14,30.08,23.58,medio
2009,2,15,26.25,24.25,medio
2009,2,16,21.92,17.42,Bajo
2009,2,17,27.67,17.29,extremo
2009,2,18,32.21,18.25,extremo
2009,2,19,23.5,15.67,Bajo
2009,2,20,24.67,17.83,Bajo
2009,2,21,24.71,13.75,Bajo
2009,2,22,27.67,15.21,extremo
2009,2,23,25.83,18.64,Bajo
2009,2,24,24.96,20.75,medio
2009,2,25,26.33,23.71,medio
2009,2,26,26.42,23.38,medio
2009,2,27,25.92,22.25,medio
2009,2,28,15.71,18.5,Bajo
2009,3,1,20.21,14.17,Bajo
2009,3,2,19.04,14.96,Bajo
2009,3,3,12.04,14.83,Bajo
2009,3,4,21.17,19.54,medio
2009,3,5,24.5,22.83,medio
2009,3,6,19.46,23.46,medio
2009,3,7,20.0,21.12,medio
2009,3,8,25.5,20.17,medio
2009,3,9,23.71,21.54,medio
2009,3,10,15.33,19.12,medio
2009,3,11,24.04,21.0,medio
2009,3,12,24.75,21.75,medio
2009,3,13,23.29,21.42,medio
2009,3,14,26.5,25.62,medio
2009,3,15,29.5,21.96,medio
2009,3,16,21.04,18.33,Bajo
2009,3,17,26.5,20.46,medio
2009,3,18,25.33,27.67,medio
2009,3,19,14.38,18.44,Bajo
2009,3,20,21.54,29.67,medio
2009,3,21,29.0,33.29,medio
2009,3,22,28.58,31.71,medio
2009,3,23,22.71,27.54,medio
2009,3,24,19.88,21.62,medio
2009,3,25,22.5,27.29,medio
2009,3,26,22.29,28.67,medio
2009,3,27,19.21,25.5,medio
2009,3,28,23.75,39.88,medio
2009,3,29,17.88,13.04,Bajo
2009,3,30,16.83,21.75,medio
2009,3,31,16.83,24.29,medio
2009,4,1,22.79,20.17,medio
2009,4,2,17.79,21.08,medio
2009,4,3,7.38,13.67,Bajo
2009,4,4,15.29,14.96,Bajo
2009,4,5,22.46,23.79,medio
2009,4,6,20.17,27.75,medio
2009,4,7,19.08,26.58,medio
2009,4,8,16.42,30.88,medio
2009,4,9,13.33,25.71,medio
2009,4,10,13.21,24.38,medio
2009,4,11,15.25,20.58,medio
2009,4,12,14.33,17.33,Bajo
2009,4,13,17.29,24.92,medio
2009,4,14,23.17,35.79,medio
2009,4,15,18.96,34.04,medio
2009,4,16,19.92,32.33,medio
2009,4,17,17.58,35.54,medio
2009,4,18,21.71,39.33,medio
2009,4,19,25.67,34.29,medio
2009,4,20,18.0,32.75,medio
2009,4,21,17.67,33.71,medio
2009,4,22,18.0,31.17,medio
2009,4,23,16.04,22.58,medio
2009,4,24,19.21,36.38,medio
2009,4,25,22.29,48.96,medio
2009,4,26,27.75,46.46,medio
2009,4,27,17.75,32.17,medio
2009,4,28,14.67,47.12,medio
2009,4,29,12.96,38.5,medio
2009,4,30,8.42,30.83,medio
2009,5,1,24.29,42.79,medio
2009,5,2,16.62,30.17,medio
2009,5,3,18.88,27.5,medio
2009,5,4,14.0,13.21,Bajo
2009,5,5,11.96,34.71,medio
2009,5,6,11.04,44.46,medio
2009,5,7,9.67,45.08,medio
2009,5,8,16.0,50.21,medio
2009,5,9,12.92,32.79,medio
2009,5,10,8.0,75.83,medio
2009,5,11,6.46,99.38,medio
2009,5,12,7.25,57.42,medio
2009,5,13,5.0,29.62,medio
2009,5,14,6.13,33.5,medio
2009,5,15,9.67,29.83,medio
2009,5,16,8.08,49.71,medio
2009,5,17,8.46,21.0,medio
2009,5,18,10.17,25.71,medio
2009,5,19,12.92,44.21,medio
2009,5,20,14.08,54.38,medio
2009,5,21,21.08,56.5,medio
2009,5,22,17.17,38.88,medio
2009,5,23,16.46,50.33,medio
2009,5,24,9.58,50.38,medio
2009,5,25,5.88,13.29,Bajo
2009,5,26,8.21,16.42,Bajo
2009,5,27,5.88,41.58,medio
2009,5,28,7.88,39.33,medio
2009,5,29,6.63,43.58,medio
2009,5,30,5.83,40.33,medio
2009,5,31,13.08,47.54,medio
2009,6,1,11.83,47.21,medio
2009,6,2,12.38,43.62,medio
2009,6,3,10.46,52.75,medio
2009,6,4,12.79,49.25,medio
2009,6,5,,52.89,
2009,6,6,12.46,62.83,medio
2009,6,7,11.21,44.96,medio
2009,6,8,14.67,68.0,medio
2009,6,9,13.21,64.71,medio
2009,6,10,13.5,58.79,medio
2009,6,11,11.75,59.17,medio
2009,6,12,12.79,60.29,medio
2009,6,13,13.42,51.04,medio
2009,6,14,4.42,33.33,medio
2009,6,15,5.17,34.05,medio
2009,6,16,5.0,44.04,medio
2009,6,17,4.46,26.08,medio
2009,6,18,4.75,50.04,medio
2009,6,19,4.92,40.17,medio
2009,6,20,,,
2009,6,21,10.62,21.88,medio
2009,6,22,6.42,36.67,medio
2009,6,23,8.67,50.92,medio
2009,6,24,10.46,67.96,medio
2009,6,25,6.58,68.67,medio
2009,6,26,6.29,79.92,medio
2009,6,27,7.13,49.46,medio
2009,6,28,12.96,7.67,Bajo
2009,6,29,10.67,25.83,medio
2009,6,30,5.96,32.96,medio
2009,7,1,8.42,20.71,medio
2009,7,2,6.88,33.29,medio
2009,7,3,5.42,58.17,medio
2009,7,4,5.5,68.83,medio
2009,7,5,5.71,71.42,medio
2009,7,6,8.13,26.79,medio
2009,7,7,7.08,22.5,medio
2009,7,8,7.83,30.46,medio
2009,7,9,7.46,42.25,medio
2009,7,10,7.83,33.25,medio
2009,7,11,8.71,52.79,medio
2009,7,12,5.79,52.62,medio
2009,7,13,9.67,40.42,medio
2009,7,14,8.04,43.83,medio
2009,7,15,11.46,34.92,medio
2009,7,16,13.62,51.91,medio
2009,7,17,10.33,39.0,medio
2009,7,18,11.67,46.79,medio
2009,7,19,7.13,56.17,medio
2009,7,20,9.04,37.25,medio
2009,7,21,8.54,17.79,Bajo
2009,7,22,13.67,10.88,Bajo
2009,7,23,11.21,39.33,medio
2009,7,24,11.33,58.08,medio
2009,7,25,11.67,57.33,medio
2009,7,26,15.79,65.62,medio
2009,7,27,7.5,64.79,medio
2009,7,28,12.33,59.46,medio
2009,7,29,13.62,45.96,medio
2009,7,30,13.08,52.0,medio
2009,7,31,10.38,30.71,medio
2009,8,1,12.92,47.46,medio
2009,8,2,16.29,53.42,medio
2009,8,3,17.04,41.67,medio
2009,8,4,14.5,15.79,Bajo
2009,8,5,12.96,18.25,Bajo
2009,8,6,5.0,45.29,medio
2009,8,7,11.92,21.25,medio
2009,8,8,14.21,40.67,medio
2009,8,9,16.88,57.21,medio
2009,8,10,14.29,45.88,medio
2009,8,11,12.67,45.67,medio
2009,8,12,8.29,20.0,medio
2009,8,13,5.46,38.46,medio
2009,8,14,4.96,28.79,medio
2009,8,15,14.42,6.04,Bajo
2009,8,16,15.0,16.92,Bajo
2009,8,17,6.0,32.46,medio
2009,8,18,5.92,13.46,Bajo
2009,8,19,11.08,12.33,Bajo
2009,8,20,10.42,29.38,medio
2009,8,21,4.29,36.25,medio
2009,8,22,11.58,33.04,medio
2009,8,23,11.0,43.42,medio
2009,8,24,7.58,57.5,medio
2009,8,25,12.75,52.29,medio
2009,8,26,15.67,47.88,medio
2009,8,27,18.08,40.17,medio
2009,8,28,16.67,38.25,medio
2009,8,29,12.12,15.62,Bajo
2009,8,30,13.25,20.96,medio
2009,8,31,6.71,18.5,Bajo
2009,9,1,6.92,26.73,medio
2009,9,2,8.54,17.04,Bajo
2009,9,3,12.67,25.67,medio
2009,9,4,7.0,45.25,medio
2009,9,5,6.88,32.79,medio
2009,9,6,13.04,14.33,Bajo
2009,9,7,19.04,6.88,Bajo
2009,9,8,17.62,14.29,Bajo
2009,9,9,17.58,22.88,medio
2009,9,10,18.58,31.58,medio
2009,9,11,20.88,40.83,medio
2009,9,12,24.5,67.08,medio
2009,9,13,20.71,20.79,medio
2009,9,14,16.79,26.96,medio
2009,9,15,12.79,26.71,medio
2009,9,16,18.29,23.75,medio
2009,9,17,18.96,20.0,medio
2009,9,18,20.92,30.0,medio
2009,9,19,24.17,36.75,medio
2009,9,20,20.96,17.29,Bajo
2009,9,21,14.92,8.13,Bajo
2009,9,22,19.83,12.71,Bajo
2009,9,23,18.62,25.46,medio
2009,9,24,19.75,26.5,medio
2009,9,25,20.71,16.38,Bajo
2009,9,26,23.04,8.54,Bajo
2009,9,27,19.33,9.17,Bajo
2009,9,28,19.58,12.54,Bajo
2009,9,29,19.75,17.83,Bajo
2009,9,30,18.58,20.95,medio
2009,10,1,17.45,19.49,medio
2009,10,2,18.75,24.79,medio
2009,10,3,18.38,30.33,medio
2009,10,4,24.08,14.96,Bajo
2009,10,5,17.88,12.42,Bajo
2009,10,6,21.96,16.54,Bajo
2009,10,7,26.71,22.42,medio
2009,10,8,28.04,22.58,medio
2009,10,9,21.0,25.58,medio
2009,10,10,13.58,10.12,Bajo
2009,10,11,20.79,8.33,Bajo
2009,10,12,20.92,16.5,Bajo
2009,10,13,16.04,15.42,Bajo
2009,10,14,19.08,17.08,Bajo
2009,10,15,17.25,21.71,medio
2009,10,16,21.33,16.33,Bajo
2009,10,17,22.0,12.21,Bajo
2009,10,18,24.0,8.83,Bajo
2009,10,19,22.79,9.9,Bajo
2009,10,20,17.71,15.62,Bajo
2009,10,21,11.17,26.08,medio
2009,10,22,17.96,29.88,medio
2009,10,23,8.25,10.42,Bajo
2009,10,24,12.71,18.33,Bajo
2009,10,25,23.12,16.75,Bajo
2009,10,26,21.54,20.17,medio
2009,10,27,8.04,29.71,medio
2009,10,28,25.67,34.0,medio
2009,10,29,27.17,21.38,medio
2009,10,30,25.71,17.71,Bajo
2009,10,31,19.79,13.75,Bajo
2009,11,1,17.96,10.42,Bajo
2009,11,2,11.71,8.54,Bajo
2009,11,3,22.25,8.46,Bajo
2009,11,4,21.42,8.13,Bajo
2009,11,5,22.38,11.25,Bajo
2009,11,6,21.33,9.83,Bajo
2009,11,7,24.04,10.33,Bajo
2009,11,8,24.04,10.46,Bajo
2009,11,9,23.04,9.04,Bajo
2009,11,10,24.62,14.83,Bajo
2009,11,11,27.21,17.88,extremo
2009,11,12,23.62,17.38,Bajo
2009,11,13,22.25,13.62,Bajo
2009,11,14,23.5,15.54,Bajo
2009,11,15,31.79,14.88,extremo
2009,11,16,20.0,6.17,Bajo
2009,11,17,7.96,10.26,Bajo
2009,11,18,14.79,30.5,medio
2009,11,19,16.88,13.04,Bajo
2009,11,20,10.42,23.25,medio
2009,11,21,27.71,20.88,medio
2009,11,22,26.4,18.83,Bajo
2009,11,23,27.33,11.54,extremo
2009,11,24,17.92,8.46,Bajo
2009,11,25,16.88,11.08,Bajo
2009,11,26,25.67,15.12,Bajo
2009,11,27,27.88,16.67,extremo
2009,11,28,26.04,12.0,Bajo
2009,11,29,22.0,11.21,Bajo
2009,11,30,25.75,12.04,Bajo
2009,12,1,24.25,14.83,Bajo
2009,12,2,30.42,16.46,extremo
2009,12,3,32.42,18.33,extremo
2009,12,4,25.42,18.62,Bajo
2009,12,5,25.92,15.92,Bajo
2009,12,6,24.08,13.75,Bajo
2009,12,7,22.62,11.48,Bajo
2009,12,8,24.38,,
2009,12,9,27.92,,
2009,12,10,24.17,,
2009,12,11,26.42,,
2009,12,12,33.08,19.96,medio
2009,12,13,30.04,21.0,medio
2009,12,14,29.75,23.67,medio
2009,12,15,30.04,26.83,medio
2009,12,16,27.35,20.58,medio
2009,12,17,22.92,21.12,medio
2009,12,18,19.54,15.96,Bajo
2009,12,19,19.88,15.54,Bajo
2009,12,20,27.29,17.54,extremo
2009,12,21,24.91,16.21,Bajo
2009,12,22,22.04,16.83,Bajo
2009,12,23,22.62,38.25,medio
2009,12,24,26.25,30.12,medio
2009,12,25,18.46,8.67,Bajo
2009,12,26,19.58,9.79,Bajo
2009,12,27,20.5,13.12,Bajo
2009,12,28,15.92,12.5,Bajo
2009,12,29,16.5,15.17,Bajo
2009,12,30,21.38,19.88,medio
2009,12,31,19.21,27.58,medio
2010,1,1,25.29,11.75,Alto
2010,1,2,31.71,16.17,Alto
2010,1,3,23.04,13.25,nulo
2010,1,4,21.92,11.33,nulo
2010,1,5,21.58,12.0,nulo
2010,1,6,24.71,15.7,Alto
2010,1,7,31.33,24.54,Alto
2010,1,8,29.42,28.08,Alto
2010,1,9,31.92,30.62,Alto
2010,1,10,28.75,21.04,Alto
2010,1,11,17.75,12.46,nulo
2010,1,12,28.83,20.29,Alto
2010,1,13,37.83,23.92,Alto
2010,1,14,36.75,33.42,Alto
2010,1,15,34.21,31.79,Alto
2010,1,16,29.58,25.04,Alto
2010,1,17,28.96,21.88,Alto
2010,1,18,17.67,13.21,nulo
2010,1,19,27.54,17.62,Alto
2010,1,20,34.62,25.96,Alto
2010,1,21,34.96,26.38,Alto
2010,1,22,28.67,22.25,Alto
2010,1,23,26.58,26.04,Alto
2010,1,24,32.5,23.29,Alto
2010,1,25,26.17,23.46,Alto
2010,1,26,25.25,17.67,Alto
2010,1,27,32.83,24.58,Alto
2010,1,28,25.54,21.21,Alto
2010,1,29,23.71,16.96,nulo
2010,1,30,25.67,15.88,Alto
2010,1,31,30.46,17.21,Alto
2010,2,1,27.0,17.71,medio
2010,2,2,21.79,15.5,Bajo
2010,2,3,20.92,12.42,Bajo
2010,2,4,27.54,15.96,extremo
2010,2,5,29.83,16.83,extremo
2010,2,6,24.5,13.38,Bajo
2010,2,7,19.0,11.88,Bajo
2010,2,8,23.29,12.96,Bajo
2010,2,9,25.88,16.79,Bajo
2010,2,10,29.38,18.83,extremo
2010,2,11,23.88,19.96,medio
2010,2,12,29.25,21.38,medio
2010,2,13,29.29,21.75,medio
2010,2,14,26.54,17.04,Bajo
2010,2,15,28.83,18.17,extremo
2010,2,16,26.54,18.21,Bajo
2010,2,17,23.04,19.17,medio
2010,2,18,18.33,16.92,Bajo
2010,2,19,22.62,13.21,Bajo
2010,2,20,28.88,17.46,extremo
2010,2,21,24.5,14.83,Bajo
2010,2,22,19.88,12.33,Bajo
2010,2,23,27.21,19.83,medio
2010,2,24,24.67,22.21,medio
2010,2,25,18.79,14.54,Bajo
2010,2,26,21.96,18.04,Bajo
2010,2,27,,,
2010,2,28,,,
2010,3,1,,,
2010,3,2,,,
2010,3,3,,,
2010,3,4,24.71,16.12,Bajo
2010,3,5,26.71,23.25,medio
2010,3,6,31.54,25.42,medio
2010,3,7,17.67,12.96,Bajo
2010,3,8,24.75,14.0,Bajo
2010,3,9,30.25,23.05,medio
2010,3,10,28.5,17.11,extremo
2010,3,11,24.08,,
2010,3,12,24.08,,
2010,3,13,26.21,,
2010,3,14,28.0,,
2010,3,15,30.25,23.17,medio
2010,3,16,21.79,16.92,Bajo
2010,3,17,21.75,14.83,Bajo
2010,3,18,25.08,17.42,Bajo
2010,3,19,25.21,24.71,medio
2010,3,20,22.0,19.71,medio
2010,3,21,17.33,9.54,Bajo
2010,3,22,18.0,14.92,Bajo
2010,3,23,24.21,27.54,medio
2010,3,24,28.88,35.79,medio
2010,3,25,27.88,36.5,medio
2010,3,26,21.17,30.67,medio
2010,3,27,26.83,33.08,medio
2010,3,28,25.58,22.75,medio
2010,3,29,27.79,33.12,medio
2010,3,30,30.75,40.62,medio
2010,3,31,21.29,33.42,medio
2010,4,1,18.25,24.29,medio
2010,4,2,24.88,21.79,medio
2010,4,3,24.75,25.25,medio
2010,4,4,28.62,30.79,medio
2010,4,5,20.54,30.42,medio
2010,4,6,16.04,20.58,medio
2010,4,7,20.67,32.38,medio
2010,4,8,26.58,38.75,medio
2010,4,9,20.67,28.5,medio
2010,4,10,24.25,29.46,medio
2010,4,11,27.0,35.38,medio
2010,4,12,19.04,35.0,medio
2010,4,13,19.5,32.83,medio
2010,4,14,20.83,41.17,medio
2010,4,15,21.62,43.29,medio
2010,4,16,13.83,28.17,medio
2010,4,17,16.83,33.5,medio
2010,4,18,12.71,17.42,Bajo
2010,4,19,13.58,20.58,medio
2010,4,20,9.71,27.21,medio
2010,4,21,16.33,34.08,medio
2010,4,22,17.12,36.04,medio
2010,4,23,16.04,32.54,medio
2010,4,24,16.75,17.38,Bajo
2010,4,25,21.92,31.88,medio
2010,4,26,11.54,51.67,medio
2010,4,27,18.92,54.75,medio
2010,4,28,18.08,57.5,medio
2010,4,29,19.21,66.88,medio
2010,4,30,21.04,60.12,medio
2010,5,1,21.5,68.88,medio
2010,5,2,14.75,28.54,medio
2010,5,3,14.25,33.17,medio
2010,5,4,18.12,36.62,medio
2010,5,5,12.79,20.79,medio
2010,5,6,10.71,19.29,medio
2010,5,7,13.21,42.79,medio
2010,5,8,18.71,62.0,medio
2010,5,9,21.08,47.36,medio
2010,5,10,16.29,39.62,medio
2010,5,11,15.38,57.92,medio
2010,5,12,15.0,64.42,medio
2010,5,13,9.13,53.71,medio
2010,5,14,8.71,35.92,medio
2010,5,15,12.21,22.83,medio
2010,5,16,11.0,22.33,medio
2010,5,17,11.83,27.95,medio
2010,5,18,8.78,45.38,medio
2010,5,19,10.54,60.46,medio
2010,5,20,10.62,62.21,medio
2010,5,21,12.25,68.46,medio
2010,5,22,18.83,20.38,medio
2010,5,23,14.33,12.25,Bajo
2010,5,24,11.42,36.88,medio
2010,5,25,6.04,70.83,medio
2010,5,26,8.0,65.62,medio
2010,5,27,10.79,57.67,medio
2010,5,28,10.04,42.96,medio
2010,5,29,5.58,25.5,medio
2010,5,30,10.17,46.83,medio
2010,5,31,8.58,47.46,medio
2010,6,1,9.0,50.17,medio
2010,6,2,6.21,45.67,medio
2010,6,3,9.58,52.21,medio
2010,6,4,9.88,80.17,medio
2010,6,5,11.92,66.75,medio
2010,6,6,13.21,55.96,medio
2010,6,7,10.75,59.21,medio
2010,6,8,8.92,46.46,medio
2010,6,9,8.88,44.0,medio
2010,6,10,6.0,33.04,medio
2010,6,11,8.0,44.62,medio
2010,6,12,8.96,55.83,medio
2010,6,13,12.42,37.29,medio
2010,6,14,15.5,6.71,Bajo
2010,6,15,7.33,22.62,medio
2010,6,16,6.21,30.54,medio
2010,6,17,5.29,57.96,medio
2010,6,18,9.17,,
2010,6,19,10.33,16.71,Bajo
2010,6,20,10.17,36.96,medio
2010,6,21,6.17,67.83,medio
2010,6,22,7.75,58.25,medio
2010,6,23,5.83,50.79,medio
2010,6,24,12.71,20.79,medio
2010,6,25,6.58,51.74,medio
2010,6,26,8.67,47.12,medio
2010,6,27,12.17,54.62,medio
2010,6,28,12.12,54.5,medio
2010,6,29,10.04,59.71,medio
2010,6,30,8.5,79.25,medio
2010,7,1,8.21,55.88,medio
2010,7,2,7.38,58.67,medio
2010,7,3,10.38,66.38,medio
2010,7,4,12.54,24.58,medio
2010,7,5,7.71,24.33,medio
2010,7,6,9.67,19.38,medio
2010,7,7,8.83,26.62,medio
2010,7,8,9.04,52.62,medio
2010,7,9,9.67,65.38,medio
2010,7,10,9.71,55.79,medio
2010,7,11,17.62,8.08,Bajo
2010,7,12,8.63,27.25,medio
2010,7,13,8.96,55.75,medio
2010,7,14,10.25,51.38,medio
2010,7,15,10.04,47.21,medio
2010,7,16,12.83,56.12,medio
2010,7,17,13.0,37.71,medio
2010,7,18,13.67,53.58,medio
2010,7,19,10.92,45.96,medio
2010,7,20,7.13,44.62,medio
2010,7,21,5.92,39.38,medio
2010,7,22,11.79,28.46,medio
2010,7,23,5.63,37.21,medio
2010,7,24,9.38,31.04,medio
2010,7,25,12.21,59.77,medio
2010,7,26,10.25,46.25,medio
2010,7,27,7.5,50.62,medio
2010,7,28,10.38,47.58,medio
2010,7,29,5.88,63.29,medio
2010,7,30,6.79,43.58,medio
2010,7,31,10.33,68.21,medio
2010,8,1,5.63,45.33,medio
2010,8,2,9.54,36.5,medio
2010,8,3,11.71,43.46,medio
2010,8,4,9.13,48.42,medio
2010,8,5,9.29,59.21,medio
2010,8,6,13.17,53.38,medio
2010,8,7,14.58,43.33,medio
2010,8,8,12.75,37.79,medio
2010,8,9,11.88,36.54,medio
2010,8,10,12.33,51.0,medio
2010,8,11,8.58,33.5,medio
2010,8,12,12.0,40.38,medio
2010,8,13,12.92,48.0,medio
2010,8,14,17.67,51.71,medio
2010,8,15,18.08,19.58,medio
2010,8,16,6.75,39.54,medio
2010,8,17,9.33,34.62,medio
2010,8,18,12.88,30.17,medio
2010,8,19,13.71,39.0,medio
2010,8,20,14.46,40.46,medio
2010,8,21,17.5,47.43,medio
2010,8,22,11.75,19.54,medio
2010,8,23,,,
2010,8,24,,,
2010,8,25,,,
2010,8,26,14.96,25.33,medio
2010,8,27,14.29,18.29,Bajo
2010,8,28,15.58,13.79,Bajo
2010,8,29,18.29,25.75,medio
2010,8,30,11.5,14.5,Bajo
2010,8,31,11.54,15.46,Bajo
2010,9,1,11.0,22.58,medio
2010,9,2,16.71,8.46,Bajo
2010,9,3,14.5,15.5,Bajo
2010,9,4,16.33,31.79,medio
2010,9,5,23.17,37.71,medio
2010,9,6,19.42,31.33,medio
2010,9,7,26.68,32.22,medio
2010,9,8,,,
2010,9,9,,19.75,
2010,9,10,,,
2010,9,11,,,
2010,9,12,,,
2010,9,13,12.46,14.12,Bajo
2010,9,14,9.83,36.89,medio
2010,9,15,15.17,29.42,medio
2010,9,16,15.92,14.69,Bajo
2010,9,17,22.42,26.33,medio
2010,9,18,20.17,31.12,medio
2010,9,19,23.04,26.42,medio
2010,9,20,20.83,9.58,Bajo
2010,9,21,14.79,12.5,Bajo
2010,9,22,16.79,13.0,Bajo
2010,9,23,17.75,18.58,Bajo
2010,9,24,19.96,21.5,medio
2010,9,25,23.74,10.43,Bajo
2010,9,26,24.12,11.92,Bajo
2010,9,27,15.65,9.18,Bajo
2010,9,28,13.14,14.0,Bajo
2010,9,29,15.83,19.57,medio
2010,9,30,20.42,13.67,Bajo
2010,10,1,17.5,15.92,Bajo
2010,10,2,19.96,24.75,medio
2010,10,3,15.04,23.38,medio
2010,10,4,10.67,17.92,Bajo
2010,10,5,14.5,17.0,Bajo
2010,10,6,18.21,14.25,Bajo
2010,10,7,19.58,27.5,medio
2010,10,8,21.75,21.33,medio
2010,10,9,20.08,22.88,medio
2010,10,10,21.46,26.42,medio
2010,10,11,15.96,19.17,medio
2010,10,12,15.92,16.92,Bajo
2010,10,13,19.25,14.42,Bajo
2010,10,14,13.25,19.04,medio
2010,10,15,17.42,15.38,Bajo
2010,10,16,20.21,24.04,medio
2010,10,17,24.33,26.12,medio
2010,10,18,18.79,27.58,medio
2010,10,19,19.0,22.54,medio
2010,10,20,10.83,12.0,Bajo
2010,10,21,17.92,18.96,Bajo
2010,10,22,11.25,17.04,Bajo
2010,10,23,17.92,15.0,Bajo
2010,10,24,23.71,19.67,medio
2010,10,25,24.54,19.96,medio
2010,10,26,19.08,23.12,medio
2010,10,27,20.83,13.58,Bajo
2010,10,28,18.38,12.17,Bajo
2010,10,29,16.67,9.42,Bajo
2010,10,30,20.75,20.54,medio
2010,10,31,24.75,20.12,medio
2010,11,1,30.58,21.42,medio
2010,11,2,18.79,19.62,medio
2010,11,3,10.83,16.29,Bajo
2010,11,4,20.04,17.88,Bajo
2010,11,5,24.54,24.46,medio
2010,11,6,27.67,25.0,medio
2010,11,7,9.67,5.29,Bajo
2010,11,8,18.08,8.96,Bajo
2010,11,9,20.25,21.42,medio
2010,11,10,22.79,26.21,medio
2010,11,11,20.29,21.5,medio
2010,11,12,22.96,22.29,medio
2010,11,13,24.25,19.08,medio
2010,11,14,25.96,16.17,Bajo
2010,11,15,22.25,21.71,medio
2010,11,16,21.38,20.25,medio
2010,11,17,20.54,20.12,medio
2010,11,18,17.25,13.96,Bajo
2010,11,19,16.25,14.17,Bajo
2010,11,20,16.88,11.04,Bajo
2010,11,21,14.96,11.21,Bajo
2010,11,22,20.92,16.33,Bajo
2010,11,23,24.04,20.96,medio
2010,11,24,22.25,22.08,medio
2010,11,25,22.71,20.54,medio
2010,11,26,24.17,22.04,medio
2010,11,27,25.17,20.12,medio
2010,11,28,23.42,17.42,Bajo
2010,11,29,20.67,20.46,medio
2010,11,30,24.54,19.96,medio
2010,12,1,19.75,17.17,Bajo
2010,12,2,18.25,13.42,Bajo
2010,12,3,18.79,14.92,Bajo
2010,12,4,24.71,20.71,medio
2010,12,5,24.21,23.25,medio
2010,12,6,16.96,20.17,medio
2010,12,7,18.46,16.29,Bajo
2010,12,8,20.92,15.62,Bajo
2010,12,9,19.17,13.46,Bajo
2010,12,10,14.75,13.83,Bajo
2010,12,11,14.58,10.04,Bajo
2010,12,12,23.38,9.67,Bajo
2010,12,13,26.5,41.17,medio
2010,12,14,23.58,33.75,medio
2010,12,15,25.21,26.76,medio
2010,12,16,20.88,19.79,medio
2010,12,17,17.38,17.5,Bajo
2010,12,18,16.42,12.62,Bajo
2010,12,19,16.77,16.91,Bajo
2010,12,20,25.33,26.12,medio
2010,12,21,25.04,30.08,medio
2010,12,22,17.79,21.33,medio
2010,12,23,18.04,17.67,Bajo
2010,12,24,22.0,22.5,medio
2010,12,25,25.08,23.08,medio
2010,12,26,21.04,17.79,Bajo
2010,12,27,15.42,18.54,Bajo
2010,12,28,15.12,24.54,medio
2010,12,29,15.58,28.08,medio
2010,12,30,16.29,29.08,medio
2010,12,31,23.25,22.33,medio
2011,1,1,25.92,17.29,Alto
2011,1,2,18.96,12.83,nulo
2011,1,3,17.71,14.71,nulo
2011,1,4,14.21,10.17,nulo
2011,1,5,24.79,20.71,Alto
2011,1,6,23.21,27.0,nulo
2011,1,7,21.5,22.17,nulo
2011,1,8,27.5,22.79,Alto
2011,1,9,24.42,30.71,Alto
2011,1,10,21.0,25.04,nulo
2011,1,11,21.33,25.08,nulo
2011,1,12,21.9,27.15,nulo
2011,1,13,18.75,23.21,nulo
2011,1,14,18.92,19.79,nulo
2011,1,15,15.0,15.04,nulo
2011,1,16,16.62,12.62,nulo
2011,1,17,23.33,25.62,nulo
2011,1,18,27.12,40.96,Alto
2011,1,19,21.21,24.0,nulo
2011,1,20,25.79,25.12,Alto
2011,1,21,23.71,27.42,nulo
2011,1,22,25.33,23.04,Alto
2011,1,23,21.42,23.12,nulo
2011,1,24,18.38,17.33,nulo
2011,1,25,21.54,20.29,nulo
2011,1,26,23.21,22.71,nulo
2011,1,27,22.79,22.83,nulo
2011,1,28,26.04,23.42,Alto
2011,1,29,22.79,25.62,nulo
2011,1,30,23.94,22.7,nulo
2011,1,31,,,
2011,2,1,25.5,30.29,medio
2011,2,2,21.33,26.17,medio
2011,2,3,22.0,22.46,medio
2011,2,4,27.04,35.5,medio
2011,2,5,28.79,52.71,medio
2011,2,6,27.04,32.25,medio
2011,2,7,26.12,26.21,medio
2011,2,8,21.46,26.42,medio
2011,2,9,15.17,21.29,medio
2011,2,10,8.46,17.17,Bajo
2011,2,11,14.12,15.54,Bajo
2011,2,12,12.88,14.92,Bajo
2011,2,13,20.42,18.58,Bajo
2011,2,14,27.46,33.83,medio
2011,2,15,22.0,30.25,medio
2011,2,16,18.79,20.42,medio
2011,2,17,22.62,23.38,medio
2011,2,18,25.04,28.88,medio
2011,2,19,21.5,25.0,medio
2011,2,20,20.71,18.04,Bajo
2011,2,21,20.54,17.17,Bajo
2011,2,22,21.25,21.29,medio
2011,2,23,21.88,24.04,medio
2011,2,24,21.46,25.75,medio
2011,2,25,20.75,24.79,medio
2011,2,26,22.38,25.5,medio
2011,2,27,22.54,27.21,medio
2011,2,28,26.17,45.29,medio
2011,3,1,25.71,50.38,medio
2011,3,2,19.88,24.62,medio
2011,3,3,20.35,14.87,Bajo
2011,3,4,16.75,18.54,Bajo
2011,3,5,16.04,16.79,Bajo
2011,3,6,15.88,14.62,Bajo
2011,3,7,21.08,20.62,medio
2011,3,8,20.88,20.88,medio
2011,3,9,20.71,18.67,Bajo
2011,3,10,16.71,16.75,Bajo
2011,3,11,17.04,13.88,Bajo
2011,3,12,17.5,6.58,Bajo
2011,3,13,23.12,13.42,Bajo
2011,3,14,10.21,16.75,Bajo
2011,3,15,9.33,15.46,Bajo
2011,3,16,18.62,27.33,medio
2011,3,17,20.29,18.46,Bajo
2011,3,18,21.88,22.92,medio
2011,3,19,24.5,23.62,medio
2011,3,20,30.88,31.67,medio
2011,3,21,20.04,27.62,medio
2011,3,22,17.12,15.62,Bajo
2011,3,23,20.46,21.21,medio
2011,3,24,24.17,32.12,medio
2011,3,25,15.83,17.08,Bajo
2011,3,26,16.79,15.33,Bajo
2011,3,27,16.96,15.96,Bajo
2011,3,28,19.62,24.71,medio
2011,3,29,22.71,31.88,medio
2011,3,30,24.88,39.67,medio
2011,3,31,20.92,30.29,medio
2011,4,1,18.83,25.25,medio
2011,4,2,23.67,30.12,medio
2011,4,3,23.33,31.12,medio
2011,4,4,18.25,26.12,medio
2011,4,5,23.08,33.5,medio
2011,4,6,15.88,23.33,medio
2011,4,7,19.83,36.67,medio
2011,4,8,25.46,41.17,medio
2011,4,9,14.42,21.68,medio
2011,4,10,14.83,12.62,Bajo
2011,4,11,17.46,18.5,Bajo
2011,4,12,13.42,21.75,medio
2011,4,13,5.83,18.83,Bajo
2011,4,14,6.04,20.21,medio
2011,4,15,11.54,18.21,Bajo
2011,4,16,13.17,23.5,medio
2011,4,17,14.25,19.71,medio
2011,4,18,13.71,24.88,medio
2011,4,19,12.96,24.54,medio
2011,4,20,16.5,28.62,medio
2011,4,21,10.25,29.96,medio
2011,4,22,7.96,17.67,Bajo
2011,4,23,8.63,27.5,medio
2011,4,24,12.71,26.38,medio
2011,4,25,9.38,33.96,medio
2011,4,26,6.71,39.04,medio
2011,4,27,10.17,44.23,medio
2011,4,28,6.88,29.62,medio
2011,4,29,10.25,27.33,medio
2011,4,30,13.12,47.08,medio
2011,5,1,19.04,56.96,medio
2011,5,2,14.17,42.54,medio
2011,5,3,12.33,44.08,medio
2011,5,4,11.5,46.29,medio
2011,5,5,10.67,37.92,medio
2011,5,6,7.46,31.25,medio
2011,5,7,12.21,48.75,medio
2011,5,8,16.08,57.17,medio
2011,5,9,12.04,56.54,medio
2011,5,10,7.75,31.21,medio
2011,5,11,5.04,62.12,medio
2011,5,12,5.58,57.38,medio
2011,5,13,9.04,57.75,medio
2011,5,14,12.5,58.67,medio
2011,5,15,13.21,43.38,medio
2011,5,16,8.46,32.67,medio
2011,5,17,8.79,42.25,medio
2011,5,18,7.78,44.42,medio
2011,5,19,9.54,25.42,medio
2011,5,20,5.08,45.67,medio
2011,5,21,9.13,51.38,medio
2011,5,22,11.58,20.83,medio
2011,5,23,8.71,30.5,medio
2011,5,24,6.83,30.71,medio
2011,5,25,7.08,52.38,medio
2011,5,26,7.79,45.33,medio
2011,5,27,8.75,63.74,medio
2011,5,28,5.92,95.33,medio
2011,5,29,13.88,67.25,medio
2011,5,30,11.17,62.79,medio
2011,5,31,9.04,65.79,medio
2011,6,1,7.58,47.33,medio
2011,6,2,6.83,52.21,medio
2011,6,3,6.58,65.0,medio
2011,6,4,7.13,61.04,medio
2011,6,5,3.25,42.92,medio
2011,6,6,4.5,19.83,medio
2011,6,7,1.96,53.0,medio
2011,6,8,5.13,37.58,medio
2011,6,9,5.63,52.46,medio
2011,6,10,5.29,48.62,medio
2011,6,11,6.79,44.29,medio
2011,6,12,8.83,25.57,medio
2011,6,13,5.79,44.67,medio
2011,6,14,5.04,47.75,medio
2011,6,15,3.29,48.58,medio
2011,6,16,4.63,49.25,medio
2011,6,17,5.71,50.42,medio
2011,6,18,6.04,32.38,medio
2011,6,19,10.29,12.21,Bajo
2011,6,20,4.75,21.17,medio
2011,6,21,7.04,26.62,medio
2011,6,22,5.33,44.25,medio
2011,6,23,5.63,41.79,medio
2011,6,24,5.21,48.83,medio
2011,6,25,6.88,76.83,medio
2011,6,26,7.63,62.67,medio
2011,6,27,9.17,49.92,medio
2011,6,28,3.29,60.46,medio
2011,6,29,2.75,59.12,medio
2011,6,30,10.79,8.92,Bajo
2011,7,1,5.13,33.42,medio
2011,7,2,6.08,76.46,medio
2011,7,3,6.83,63.33,medio
2011,7,4,7.0,36.62,medio
2011,7,5,5.88,37.87,medio
2011,7,6,5.75,67.58,medio
2011,7,7,5.04,82.88,medio
2011,7,8,6.33,79.42,medio
2011,7,9,5.63,69.45,medio
2011,7,10,5.33,50.17,medio
2011,7,11,6.75,27.04,medio
2011,7,12,6.08,50.08,medio
2011,7,13,6.96,43.0,medio
2011,7,14,7.71,37.38,medio
2011,7,15,5.71,17.83,Bajo
2011,7,16,12.54,14.79,Bajo
2011,7,17,11.58,33.75,medio
2011,7,18,14.46,20.92,medio
2011,7,19,6.88,42.33,medio
2011,7,20,7.04,57.08,medio
2011,7,21,7.5,67.54,medio
2011,7,22,5.5,63.88,medio
2011,7,23,6.88,49.08,medio
2011,7,24,9.38,21.83,medio
2011,7,25,10.42,21.75,medio
2011,7,26,6.25,34.5,medio
2011,7,27,3.42,62.08,medio
2011,7,28,6.63,50.54,medio
2011,7,29,12.96,7.17,Bajo
2011,7,30,12.54,9.79,Bajo
2011,7,31,9.88,17.25,Bajo
2011,8,1,8.04,28.83,medio
2011,8,2,9.0,27.88,medio
2011,8,3,5.5,61.08,medio
2011,8,4,2.96,74.83,medio
2011,8,5,2.25,99.83,medio
2011,8,6,2.21,84.75,medio
2011,8,7,1.88,59.96,medio
2011,8,8,3.79,34.96,medio
2011,8,9,7.04,47.12,medio
2011,8,10,7.46,31.12,medio
2011,8,11,7.96,26.61,medio
2011,8,12,7.88,25.42,medio
2011,8,13,13.17,17.38,Bajo
2011,8,14,13.88,26.29,medio
2011,8,15,17.79,14.54,Bajo
2011,8,16,11.21,12.79,Bajo
2011,8,17,3.08,39.0,medio
2011,8,18,6.96,24.46,medio
2011,8,19,8.33,40.0,medio
2011,8,20,9.67,53.21,medio
2011,8,21,12.46,45.96,medio
2011,8,22,11.17,41.5,medio
2011,8,23,6.42,50.38,medio
2011,8,24,6.75,30.0,medio
2011,8,25,2.3,79.59,medio
2011,8,26,3.61,13.97,Bajo
2011,8,27,11.96,16.79,Bajo
2011,8,28,9.63,21.0,medio
2011,8,29,9.96,17.54,Bajo
2011,8,30,9.96,39.62,medio
2011,8,31,9.63,46.58,medio
2011,9,1,16.71,34.88,medio
2011,9,2,14.64,28.44,medio
2011,9,3,18.17,15.33,Bajo
2011,9,4,21.46,7.79,Bajo
2011,9,5,13.79,24.04,medio
2011,9,6,14.54,35.5,medio
2011,9,7,15.33,29.08,medio
2011,9,8,13.0,34.5,medio
2011,9,9,12.96,24.21,medio
2011,9,10,17.21,22.71,medio
2011,9,11,18.96,36.25,medio
2011,9,12,14.83,49.83,medio
2011,9,13,18.88,36.79,medio
2011,9,14,11.58,32.29,medio
2011,9,15,15.88,33.17,medio
2011,9,16,15.17,20.29,medio
2011,9,17,13.88,27.38,medio
2011,9,18,19.67,21.46,medio
2011,9,19,20.96,31.62,medio
2011,9,20,17.21,36.17,medio
2011,9,21,13.96,36.0,medio
2011,9,22,19.08,15.25,Bajo
2011,9,23,16.67,35.79,medio
2011,9,24,22.09,39.53,medio
2011,9,25,16.04,,
2011,9,26,16.04,38.21,medio
2011,9,27,20.62,38.46,medio
2011,9,28,16.67,17.22,Bajo
2011,9,29,16.04,28.38,medio
2011,9,30,19.96,33.04,medio
2011,10,1,21.88,21.17,medio
2011,10,2,26.71,31.12,medio
2011,10,3,19.54,25.38,medio
2011,10,4,21.62,23.75,medio
2011,10,5,22.0,31.42,medio
2011,10,6,14.92,18.58,Bajo
2011,10,7,18.67,10.54,Bajo
2011,10,8,19.79,12.21,Bajo
2011,10,9,22.62,25.04,medio
2011,10,10,22.58,17.58,Bajo
2011,10,11,15.25,15.21,Bajo
2011,10,12,20.25,12.5,Bajo
2011,10,13,19.54,15.5,Bajo
2011,10,14,21.12,13.04,Bajo
2011,10,15,19.96,19.17,medio
2011,10,16,19.62,23.38,medio
2011,10,17,15.17,24.0,medio
2011,10,18,22.0,24.54,medio
2011,10,19,25.38,29.17,medio
2011,10,20,28.12,31.25,medio
2011,10,21,22.88,26.54,medio
2011,10,22,24.96,26.83,medio
2011,10,23,23.46,29.67,medio
2011,10,24,22.04,30.29,medio
2011,10,25,24.33,29.04,medio
2011,10,26,25.88,29.08,medio
2011,10,27,20.83,35.71,medio
2011,10,28,20.5,29.17,medio
2011,10,29,23.25,29.12,medio
2011,10,30,30.12,36.92,medio
2011,10,31,25.38,55.0,medio
2011,11,1,21.0,52.33,medio
2011,11,2,24.46,47.25,medio
2011,11,3,25.0,34.92,medio
2011,11,4,23.88,22.71,medio
2011,11,5,28.17,34.42,medio
2011,11,6,29.08,32.75,medio
2011,11,7,19.42,24.33,medio
2011,11,8,11.79,20.46,medio
2011,11,9,18.78,13.45,Bajo
2011,11,10,21.79,24.58,medio
2011,11,11,26.79,34.71,medio
2011,11,12,21.67,22.96,medio
2011,11,13,23.62,19.42,medio
2011,11,14,25.83,28.29,medio
2011,11,15,22.17,40.71,medio
2011,11,16,15.38,28.17,medio
2011,11,17,19.08,25.92,medio
2011,11,18,17.62,14.95,Bajo
2011,11,19,22.33,13.91,Bajo
2011,11,20,19.25,9.54,Bajo
2011,11,21,21.58,19.83,medio
2011,11,22,25.12,27.33,medio
2011,11,23,19.17,18.21,Bajo
2011,11,24,20.75,15.57,Bajo
2011,11,25,24.29,11.55,Bajo
2011,11,26,22.75,7.88,Bajo
2011,11,27,22.29,6.16,Bajo
2011,11,28,23.62,8.61,Bajo
2011,11,29,29.46,7.27,extremo
2011,11,30,32.25,19.55,medio
2011,12,1,26.38,22.21,medio
2011,12,2,20.58,20.92,medio
2011,12,3,20.71,21.29,medio
2011,12,4,21.08,21.5,medio
2011,12,5,21.17,15.21,Bajo
2011,12,6,18.71,14.96,Bajo
2011,12,7,20.04,19.38,medio
2011,12,8,26.38,25.21,medio
2011,12,9,21.53,20.05,medio
2011,12,10,,,
2011,12,11,,,
2011,12,12,,,
2011,12,13,19.71,19.96,medio
2011,12,14,16.29,17.29,Bajo
2011,12,15,15.88,17.0,Bajo
2011,12,16,18.29,19.21,medio
2011,12,17,22.67,17.21,Bajo
2011,12,18,20.25,15.21,Bajo
2011,12,19,16.62,9.5,Bajo
2011,12,20,19.79,16.88,Bajo
2011,12,21,16.58,11.92,Bajo
2011,12,22,22.33,16.12,Bajo
2011,12,23,22.04,14.62,Bajo
2011,12,24,24.46,25.08,medio
2011,12,25,26.71,26.46,medio
2011,12,26,23.38,23.26,medio
2011,12,27,25.71,48.21,medio
2011,12,28,24.17,39.25,medio
2011,12,29,23.21,36.54,medio
2011,12,30,21.21,27.17,medio
2011,12,31,23.25,25.12,medio
2012,1,1,24.04,24.06,Alto
2012,1,2,24.78,22.17,Alto
2012,1,3,23.83,20.79,nulo
2012,1,4,25.32,24.83,Alto
2012,1,5,19.29,27.54,nulo
2012,1,6,7.01,20.65,nulo
2012,1,7,10.17,13.46,nulo
2012,1,8,17.4,10.88,nulo
2012,1,9,13.37,10.0,nulo
2012,1,10,13.95,9.13,nulo
2012,1,11,20.74,14.5,nulo
2012,1,12,27.09,18.98,Alto
2012,1,13,23.1,19.5,nulo
2012,1,14,20.47,16.23,nulo
2012,1,15,19.68,14.9,nulo
2012,1,16,16.28,13.52,nulo
2012,1,17,19.41,14.52,nulo
2012,1,18,22.36,17.83,nulo
2012,1,19,18.27,20.08,nulo
2012,1,20,17.74,16.75,nulo
2012,1,21,16.35,13.63,nulo
2012,1,22,15.92,9.06,nulo
2012,1,23,11.82,7.83,nulo
2012,1,24,18.82,12.54,nulo
2012,1,25,21.78,17.25,nulo
2012,1,26,17.02,15.72,nulo
2012,1,27,19.0,15.52,nulo
2012,1,28,20.26,14.08,nulo
2012,1,29,16.93,11.1,nulo
2012,1,30,14.51,11.12,nulo
2012,1,31,18.6,11.73,nulo
2012,2,1,19.57,14.76,Bajo
2012,2,2,24.69,20.31,medio
2012,2,3,22.85,24.73,medio
2012,2,4,25.23,28.94,medio
2012,2,5,23.66,24.71,medio
2012,2,6,24.18,18.92,Bajo
2012,2,7,27.2,40.54,medio
2012,2,8,32.48,105.4,medio
2012,2,9,28.32,35.83,medio
2012,2,10,25.93,32.4,medio
2012,2,11,31.07,31.33,medio
2012,2,12,26.8,21.9,medio
2012,2,13,21.13,15.15,Bajo
2012,2,14,18.58,17.02,Bajo
2012,2,15,15.97,11.4,Bajo
2012,2,16,17.16,12.0,Bajo
2012,2,17,14.99,11.4,Bajo
2012,2,18,10.75,8.08,Bajo
2012,2,19,15.14,8.04,Bajo
2012,2,20,18.5,11.04,Bajo
2012,2,21,22.33,14.23,Bajo
2012,2,22,24.53,18.35,Bajo
2012,2,23,19.53,19.52,medio
2012,2,24,18.4,21.54,medio
2012,2,25,19.01,16.38,Bajo
2012,2,26,22.34,12.71,Bajo
2012,2,27,16.07,16.17,Bajo
2012,2,28,12.5,9.02,Bajo
2012,2,29,14.39,9.56,Bajo
2012,3,1,21.73,20.38,medio
2012,3,2,20.0,20.06,medio
2012,3,3,16.7,14.35,Bajo
2012,3,4,15.16,13.4,Bajo
2012,3,5,9.94,8.92,Bajo
2012,3,6,17.86,15.29,Bajo
2012,3,7,23.91,21.78,medio
2012,3,8,25.81,32.25,medio
2012,3,9,25.08,32.21,medio
2012,3,10,26.8,28.85,medio
2012,3,11,24.25,19.88,medio
2012,3,12,18.41,15.79,Bajo
2012,3,13,22.3,22.71,medio
2012,3,14,33.64,28.75,medio
2012,3,15,29.69,32.05,medio
2012,3,16,15.65,18.15,Bajo
2012,3,17,20.22,15.92,Bajo
2012,3,18,16.93,10.54,Bajo
2012,3,19,12.75,10.09,Bajo
2012,3,20,18.04,14.23,Bajo
2012,3,21,19.68,19.65,medio
2012,3,22,25.79,24.58,medio
2012,3,23,29.01,27.29,medio
2012,3,24,32.44,35.67,medio
2012,3,25,24.25,20.83,medio
2012,3,26,20.09,25.27,medio
2012,3,27,22.76,27.77,medio
2012,3,28,19.69,33.02,medio
2012,3,29,26.12,37.0,medio
2012,3,30,,42.65,
2012,3,31,26.44,39.42,medio
2012,4,1,25.57,32.21,medio
2012,4,2,18.17,26.1,medio
2012,4,3,16.34,28.54,medio
2012,4,4,,23.52,
2012,4,5,,25.31,
2012,4,6,19.01,20.46,medio
2012,4,7,18.0,16.48,Bajo
2012,4,8,,25.5,
2012,4,9,6.39,19.72,medio
2012,4,10,8.85,33.08,medio
2012,4,11,16.96,29.9,medio
2012,4,12,18.07,32.23,medio
2012,4,13,6.71,18.65,Bajo
2012,4,14,16.79,24.44,medio
2012,4,15,21.66,32.44,medio
2012,4,16,14.74,24.25,medio
2012,4,17,18.05,34.17,medio
2012,4,18,16.18,38.57,medio
2012,4,19,21.06,34.21,medio
2012,4,20,15.28,30.73,medio
2012,4,21,23.68,40.81,medio
2012,4,22,18.65,35.94,medio
2012,4,23,14.46,27.81,medio
2012,4,24,15.74,22.98,medio
2012,4,25,14.42,21.09,medio
2012,4,26,9.81,23.77,medio
2012,4,27,5.5,14.12,Bajo
2012,4,28,5.32,33.4,medio
2012,4,29,,35.6,
2012,4,30,,30.96,
2012,5,1,25.61,38.54,medio
2012,5,2,18.08,42.29,medio
2012,5,3,13.38,52.35,medio
2012,5,4,18.26,45.73,medio
2012,5,5,15.28,43.46,medio
2012,5,6,10.43,26.44,medio
2012,5,7,6.77,24.81,medio
2012,5,8,3.42,24.85,medio
2012,5,9,9.25,20.44,medio
2012,5,10,7.27,34.31,medio
2012,5,11,8.93,42.67,medio
2012,5,12,10.29,44.94,medio
2012,5,13,12.96,26.23,medio
2012,5,14,2.61,52.25,medio
2012,5,15,,38.04,
2012,5,16,,30.31,
2012,5,17,,19.23,
2012,5,18,7.63,29.1,medio
2012,5,19,8.5,42.88,medio
2012,5,20,9.86,56.69,medio
2012,5,21,15.37,45.85,medio
2012,5,22,7.41,48.83,medio
2012,5,23,9.75,46.96,medio
2012,5,24,4.53,48.4,medio
2012,5,25,5.18,36.9,medio
2012,5,26,4.59,14.54,Bajo
2012,5,27,5.03,14.12,Bajo
2012,5,28,2.58,23.17,medio
2012,5,29,3.35,28.4,medio
2012,5,30,3.35,34.54,medio
2012,5,31,2.66,72.15,medio
2012,6,1,2.55,59.19,medio
2012,6,2,8.64,21.67,medio
2012,6,3,13.04,10.79,Bajo
2012,6,4,7.51,21.38,medio
2012,6,5,6.25,37.33,medio
2012,6,6,5.93,51.94,medio
2012,6,7,5.22,53.85,medio
2012,6,8,6.27,37.56,medio
2012,6,9,8.45,29.31,medio
2012,6,10,5.17,68.0,medio
2012,6,11,5.76,37.9,medio
2012,6,12,3.72,16.02,Bajo
2012,6,13,5.19,15.92,Bajo
2012,6,14,1.37,50.4,medio
2012,6,15,2.2,34.15,medio
2012,6,16,5.98,13.48,Bajo
2012,6,17,9.92,14.31,Bajo
2012,6,18,6.91,16.94,Bajo
2012,6,19,8.05,16.19,Bajo
2012,6,20,3.61,17.92,Bajo
2012,6,21,5.38,26.08,medio
2012,6,22,4.36,47.81,medio
2012,6,23,5.58,52.0,medio
2012,6,24,8.28,47.98,medio
2012,6,25,4.68,48.42,medio
2012,6,26,5.27,37.06,medio
2012,6,27,6.86,27.35,medio
2012,6,28,2.22,43.62,medio
2012,6,29,2.46,27.29,medio
2012,6,30,2.37,29.1,medio
2012,7,1,15.19,7.71,Bajo
2012,7,2,21.71,5.56,Bajo
2012,7,3,,23.13,
2012,7,4,,36.08,
2012,7,5,,53.19,
2012,7,6,4.93,79.94,medio
2012,7,7,7.93,67.29,medio
2012,7,8,11.42,54.81,medio
2012,7,9,7.31,47.71,medio
2012,7,10,9.68,40.06,medio
2012,7,11,9.01,48.79,medio
2012,7,12,6.83,54.65,medio
2012,7,13,6.22,61.42,medio
2012,7,14,10.09,49.29,medio
2012,7,15,12.09,56.0,medio
2012,7,16,12.09,44.6,medio
2012,7,17,6.51,36.88,medio
2012,7,18,5.6,44.35,medio
2012,7,19,1.82,61.48,medio
2012,7,20,4.68,48.08,medio
2012,7,21,2.98,48.65,medio
2012,7,22,8.62,58.08,medio
2012,7,23,6.17,31.88,medio
2012,7,24,8.44,29.14,medio
2012,7,25,7.08,33.27,medio
2012,7,26,7.05,40.35,medio
2012,7,27,5.75,52.0,medio
2012,7,28,10.25,45.21,medio
2012,7,29,11.92,46.31,medio
2012,7,30,8.73,39.46,medio
2012,7,31,12.32,32.48,medio
2012,8,1,9.4,30.35,medio
2012,8,2,9.63,22.04,medio
2012,8,3,9.37,29.08,medio
2012,8,4,10.77,44.9,medio
2012,8,5,15.21,36.52,medio
2012,8,6,13.57,18.12,Bajo
2012,8,7,9.98,27.79,medio
2012,8,8,10.15,40.92,medio
2012,8,9,7.62,44.21,medio
2012,8,10,6.81,40.46,medio
2012,8,11,7.44,39.88,medio
2012,8,12,13.93,33.71,medio
2012,8,13,4.02,56.44,medio
2012,8,14,3.39,53.15,medio
2012,8,15,6.98,34.79,medio
2012,8,16,6.28,11.29,Bajo
2012,8,17,5.9,19.48,medio
2012,8,18,9.39,32.75,medio
2012,8,19,5.23,35.35,medio
2012,8,20,8.83,37.96,medio
2012,8,21,6.79,28.27,medio
2012,8,22,9.48,12.69,Bajo
2012,8,23,11.82,8.65,Bajo
2012,8,24,10.93,23.35,medio
2012,8,25,11.78,39.81,medio
2012,8,26,15.73,42.92,medio
2012,8,27,13.33,36.77,medio
2012,8,28,9.54,42.5,medio
2012,8,29,13.59,35.35,medio
2012,8,30,12.65,36.85,medio
2012,8,31,13.22,38.12,medio
2012,9,1,14.79,31.33,medio
2012,9,2,14.0,32.0,medio
2012,9,3,9.88,18.02,Bajo
2012,9,4,10.75,12.43,Bajo
2012,9,5,13.67,24.1,medio
2012,9,6,11.08,12.98,Bajo
2012,9,7,11.18,21.73,medio
2012,9,8,16.66,18.46,Bajo
2012,9,9,17.24,25.17,medio
2012,9,10,27.14,23.75,medio
2012,9,11,48.57,26.23,medio
2012,9,12,52.86,43.88,medio
2012,9,13,55.18,31.46,medio
2012,9,14,56.3,13.69,extremo
2012,9,15,39.65,13.31,extremo
2012,9,16,14.07,12.69,Bajo
2012,9,17,16.03,9.65,Bajo
2012,9,18,21.37,11.08,Bajo
2012,9,19,14.41,27.9,medio
2012,9,20,16.26,9.02,Bajo
2012,9,21,14.07,19.46,medio
2012,9,22,21.85,23.79,medio
2012,9,23,21.98,10.65,Bajo
2012,9,24,15.79,15.31,Bajo
2012,9,25,20.64,18.38,Bajo
2012,9,26,16.38,16.19,Bajo
2012,9,27,17.06,8.9,Bajo
2012,9,28,19.04,13.81,Bajo
2012,9,29,14.5,19.65,medio
2012,9,30,16.01,7.08,Bajo
2012,10,1,8.0,13.13,Bajo
2012,10,2,15.57,15.92,Bajo
2012,10,3,19.93,13.38,Bajo
2012,10,4,17.22,10.4,Bajo
2012,10,5,5.27,19.06,medio
2012,10,6,3.82,10.69,Bajo
2012,10,7,8.39,8.96,Bajo
2012,10,8,14.38,6.25,Bajo
2012,10,9,13.48,12.81,Bajo
2012,10,10,19.18,21.48,medio
2012,10,11,9.98,19.4,medio
2012,10,12,7.68,12.62,Bajo
2012,10,13,15.91,13.06,Bajo
2012,10,14,21.91,10.4,Bajo
2012,10,15,17.67,8.94,Bajo
2012,10,16,19.86,14.65,Bajo
2012,10,17,15.55,15.04,Bajo
2012,10,18,17.01,15.85,Bajo
2012,10,19,19.28,12.54,Bajo
2012,10,20,15.6,15.42,Bajo
2012,10,21,11.02,6.75,Bajo
2012,10,22,14.43,6.94,Bajo
2012,10,23,14.88,12.08,Bajo
2012,10,24,18.11,10.69,Bajo
2012,10,25,20.43,10.79,Bajo
2012,10,26,19.81,13.33,Bajo
2012,10,27,19.01,12.58,Bajo
2012,10,28,26.47,17.04,Bajo
2012,10,29,24.93,12.77,Bajo
2012,10,30,16.39,16.96,Bajo
2012,10,31,17.87,11.62,Bajo
2012,11,1,24.85,13.44,Bajo
2012,11,2,25.06,14.56,Bajo
2012,11,3,25.06,14.46,Bajo
2012,11,4,27.84,13.29,extremo
2012,11,5,27.88,16.39,extremo
2012,11,6,25.57,17.54,Bajo
2012,11,7,8.59,14.17,Bajo
2012,11,8,15.46,13.67,Bajo
2012,11,9,17.21,8.96,Bajo
2012,11,10,20.57,10.46,Bajo
2012,11,11,24.92,13.42,Bajo
2012,11,12,21.83,21.94,medio
2012,11,13,21.68,18.75,Bajo
2012,11,14,19.77,16.55,Bajo
2012,11,15,19.56,16.0,Bajo
2012,11,16,17.67,11.35,Bajo
2012,11,17,21.99,12.06,Bajo
2012,11,18,27.76,16.52,extremo
2012,11,19,25.7,16.0,Bajo
2012,11,20,23.21,16.83,Bajo
2012,11,21,22.06,15.79,Bajo
2012,11,22,24.32,12.06,Bajo
2012,11,23,25.53,13.29,Bajo
2012,11,24,25.03,15.75,Bajo
2012,11,25,30.87,16.15,extremo
2012,11,26,25.01,16.38,Bajo
2012,11,27,28.17,18.88,extremo
2012,11,28,24.79,16.35,Bajo
2012,11,29,20.5,14.75,Bajo
2012,11,30,14.62,20.94,medio
2012,12,1,25.1,19.08,medio
2012,12,2,22.53,16.4,Bajo
2012,12,3,13.47,10.29,Bajo
2012,12,4,22.04,13.79,Bajo
2012,12,5,18.25,10.12,Bajo
2012,12,6,13.13,10.23,Bajo
2012,12,7,18.94,11.98,Bajo
2012,12,8,32.16,21.06,medio
2012,12,9,31.52,16.62,extremo
2012,12,10,21.98,11.1,Bajo
2012,12,11,22.08,17.12,Bajo
2012,12,12,20.61,13.02,Bajo
2012,12,13,20.91,21.71,medio
2012,12,14,18.04,19.88,medio
2012,12,15,18.49,15.83,Bajo
2012,12,16,22.84,18.19,Bajo
2012,12,17,18.69,24.52,medio
2012,12,18,13.77,11.67,Bajo
2012,12,19,5.2,7.42,Bajo
2012,12,20,8.9,9.96,Bajo
2012,12,21,21.41,14.92,Bajo
2012,12,22,30.38,14.67,extremo
2012,12,23,22.52,8.98,Bajo
2012,12,24,16.41,8.4,Bajo
2012,12,25,20.66,5.5,Bajo
2012,12,26,24.07,16.29,Bajo
2012,12,27,25.13,22.02,medio
2012,12,28,25.37,20.48,medio
2012,12,29,28.13,19.19,medio
2012,12,30,25.92,17.17,Bajo
2012,12,31,23.05,20.9,medio
2013,1,1,28.44,27.54,Alto
2013,1,2,22.17,13.62,nulo
2013,1,3,18.47,17.12,nulo
2013,1,4,21.29,16.29,nulo
2013,1,5,23.52,12.12,nulo
2013,1,6,24.75,14.58,Alto
2013,1,7,17.16,10.25,nulo
2013,1,8,23.19,17.25,nulo
2013,1,9,34.74,22.12,Alto
2013,1,10,26.58,24.25,Alto
2013,1,11,23.59,18.58,nulo
2013,1,12,18.26,16.21,nulo
2013,1,13,19.94,12.29,nulo
2013,1,14,18.33,12.71,nulo
2013,1,15,19.71,12.65,nulo
2013,1,16,19.17,15.04,nulo
2013,1,17,17.23,16.96,nulo
2013,1,18,18.28,13.25,nulo
2013,1,19,19.71,16.12,nulo
2013,1,20,22.15,12.92,nulo
2013,1,21,14.57,16.96,nulo
2013,1,22,19.31,18.21,nulo
2013,1,23,19.84,22.83,nulo
2013,1,24,19.11,17.58,nulo
2013,1,25,24.28,19.5,Alto
2013,1,26,22.62,18.96,nulo
2013,1,27,18.91,15.83,nulo
2013,1,28,16.68,12.29,nulo
2013,1,29,21.47,13.33,nulo
2013,1,30,18.51,13.58,nulo
2013,1,31,17.74,14.62,nulo
2013,2,1,23.03,21.46,medio
2013,2,2,27.14,18.79,extremo
2013,2,3,27.98,15.46,extremo
2013,2,4,21.81,19.62,medio
2013,2,5,17.97,19.25,medio
2013,2,6,21.87,18.92,Bajo
2013,2,7,17.66,13.88,Bajo
2013,2,8,16.35,13.0,Bajo
2013,2,9,11.03,9.5,Bajo
2013,2,10,16.39,12.08,Bajo
2013,2,11,15.12,11.21,Bajo
2013,2,12,15.88,12.29,Bajo
2013,2,13,16.46,11.81,Bajo
2013,2,14,21.11,14.58,Bajo
2013,2,15,17.71,17.75,Bajo
2013,2,16,9.42,7.71,Bajo
2013,2,17,12.89,7.54,Bajo
2013,2,18,19.29,10.04,Bajo
2013,2,19,20.61,12.75,Bajo
2013,2,20,22.32,15.58,Bajo
2013,2,21,28.34,19.88,medio
2013,2,22,23.37,22.25,medio
2013,2,23,17.95,13.0,Bajo
2013,2,24,25.34,10.92,Bajo
2013,2,25,24.86,16.33,Bajo
2013,2,26,19.01,22.21,medio
2013,2,27,22.03,20.79,medio
2013,2,28,21.78,16.42,Bajo
2013,3,1,14.45,9.21,Bajo
2013,3,2,20.92,16.46,Bajo
2013,3,3,23.87,19.92,medio
2013,3,4,23.14,20.33,medio
2013,3,5,14.84,17.88,Bajo
2013,3,6,16.56,12.21,Bajo
2013,3,7,15.8,20.83,medio
2013,3,8,20.24,23.08,medio
2013,3,9,24.02,21.79,medio
2013,3,10,21.11,18.04,Bajo
2013,3,11,14.88,12.42,Bajo
2013,3,12,16.9,14.65,Bajo
2013,3,13,19.67,16.75,Bajo
2013,3,14,16.93,24.79,medio
2013,3,15,21.53,35.17,medio
2013,3,16,26.03,42.83,medio
2013,3,17,30.69,23.17,medio
2013,3,18,20.21,25.62,medio
2013,3,19,21.85,24.42,medio
2013,3,20,17.78,17.29,Bajo
2013,3,21,18.37,21.54,medio
2013,3,22,17.58,,
2013,3,23,19.11,21.21,medio
2013,3,24,18.48,22.0,medio
2013,3,25,14.94,20.83,medio
2013,3,26,18.39,23.67,medio
2013,3,27,19.31,39.33,medio
2013,3,28,14.84,31.21,medio
2013,3,29,22.74,27.79,medio
2013,3,30,14.6,21.46,medio
2013,3,31,9.49,15.46,Bajo
2013,4,1,9.23,10.58,Bajo
2013,4,2,12.51,15.92,Bajo
2013,4,3,16.67,27.17,medio
2013,4,4,15.89,26.62,medio
2013,4,5,11.6,28.12,medio
2013,4,6,13.49,25.29,medio
2013,4,7,16.47,20.83,medio
2013,4,8,15.97,22.0,medio
2013,4,9,8.05,24.12,medio
2013,4,10,12.05,21.67,medio
2013,4,11,9.27,20.33,medio
2013,4,12,10.72,32.08,medio
2013,4,13,13.64,39.46,medio
2013,4,14,21.72,43.67,medio
2013,4,15,18.09,34.71,medio
2013,4,16,14.17,35.62,medio
2013,4,17,17.71,41.42,medio
2013,4,18,10.69,34.38,medio
2013,4,19,6.41,20.96,medio
2013,4,20,13.23,19.29,medio
2013,4,21,14.2,23.67,medio
2013,4,22,10.96,20.5,medio
2013,4,23,10.71,36.17,medio
2013,4,24,14.71,35.04,medio
2013,4,25,8.64,25.96,medio
2013,4,26,6.37,26.08,medio
2013,4,27,10.29,47.08,medio
2013,4,28,13.36,42.12,medio
2013,4,29,10.62,34.79,medio
2013,4,30,8.17,23.0,medio
2013,5,1,9.25,28.88,medio
2013,5,2,1.61,37.96,medio
2013,5,3,3.04,14.33,Bajo
2013,5,4,6.37,31.17,medio
2013,5,5,10.46,36.5,medio
2013,5,6,7.01,28.79,medio
2013,5,7,7.24,31.08,medio
2013,5,8,6.69,34.17,medio
2013,5,9,4.82,39.29,medio
2013,5,10,6.0,25.58,medio
2013,5,11,6.96,32.42,medio
2013,5,12,2.59,43.25,medio
2013,5,13,4.34,25.08,medio
2013,5,14,5.15,32.92,medio
2013,5,15,5.88,30.33,medio
2013,5,16,5.6,43.46,medio
2013,5,17,3.84,45.29,medio
2013,5,18,8.11,25.25,medio
2013,5,19,10.04,22.67,medio
2013,5,20,9.45,38.09,medio
2013,5,21,9.47,36.83,medio
2013,5,22,7.44,48.71,medio
2013,5,23,8.61,49.54,medio
2013,5,24,10.4,58.17,medio
2013,5,25,11.51,44.17,medio
2013,5,26,15.62,41.67,medio
2013,5,27,9.44,14.5,Bajo
2013,5,28,10.65,6.83,Bajo
2013,5,29,7.35,25.83,medio
2013,5,30,4.44,38.29,medio
2013,5,31,5.2,22.0,medio
2013,6,1,8.02,30.62,medio
2013,6,2,10.17,53.54,medio
2013,6,3,7.41,38.58,medio
2013,6,4,6.68,41.33,medio
2013,6,5,5.77,38.62,medio
2013,6,6,6.5,43.46,medio
2013,6,7,6.24,53.62,medio
2013,6,8,8.29,43.5,medio
2013,6,9,13.29,55.67,medio
2013,6,10,9.13,46.25,medio
2013,6,11,6.45,59.29,medio
2013,6,12,6.35,57.46,medio
2013,6,13,5.89,48.21,medio
2013,6,14,6.91,47.75,medio
2013,6,15,4.38,30.38,medio
2013,6,16,4.17,25.46,medio
2013,6,17,3.79,29.71,medio
2013,6,18,3.05,50.54,medio
2013,6,19,3.68,48.75,medio
2013,6,20,5.35,64.38,medio
2013,6,21,3.83,66.62,medio
2013,6,22,2.09,45.25,medio
2013,6,23,4.66,45.75,medio
2013,6,24,4.96,28.96,medio
2013,6,25,2.69,27.36,medio
2013,6,26,1.48,36.46,medio
2013,6,27,4.68,17.83,Bajo
2013,6,28,3.45,21.88,medio
2013,6,29,4.41,41.21,medio
2013,6,30,6.81,53.62,medio
2013,7,1,3.98,41.12,medio
2013,7,2,2.8,34.33,medio
2013,7,3,1.31,36.42,medio
2013,7,4,1.97,29.67,medio
2013,7,5,1.49,39.88,medio
2013,7,6,2.11,68.12,medio
2013,7,7,3.46,76.04,medio
2013,7,8,1.19,33.92,medio
2013,7,9,2.08,54.54,medio
2013,7,10,1.59,55.96,medio
2013,7,11,4.85,41.71,medio
2013,7,12,4.7,41.21,medio
2013,7,13,5.9,51.0,medio
2013,7,14,8.55,54.92,medio
2013,7,15,5.69,33.25,medio
2013,7,16,7.83,43.04,medio
2013,7,17,7.49,41.04,medio
2013,7,18,4.78,28.92,medio
2013,7,19,5.24,15.58,Bajo
2013,7,20,11.3,19.0,medio
2013,7,21,12.86,14.71,Bajo
2013,7,22,6.57,38.46,medio
2013,7,23,5.58,47.62,medio
2013,7,24,4.81,51.83,medio
2013,7,25,7.48,45.29,medio
2013,7,26,6.84,32.33,medio
2013,7,27,5.42,45.5,medio
2013,7,28,7.28,47.33,medio
2013,7,29,3.03,33.9,medio
2013,7,30,7.96,18.96,Bajo
2013,7,31,6.23,35.67,medio
2013,8,1,7.48,32.42,medio
2013,8,2,10.96,28.33,medio
2013,8,3,15.16,36.71,medio
2013,8,4,13.22,62.38,medio
2013,8,5,10.4,35.12,medio
2013,8,6,5.55,61.83,medio
2013,8,7,10.57,8.83,Bajo
2013,8,8,9.53,17.25,Bajo
2013,8,9,11.69,37.5,medio
2013,8,10,12.87,55.58,medio
2013,8,11,6.2,71.79,medio
2013,8,12,11.32,19.46,medio
2013,8,13,11.97,27.21,medio
2013,8,14,11.21,43.58,medio
2013,8,15,15.52,42.71,medio
2013,8,16,14.47,39.71,medio
2013,8,17,18.17,48.96,medio
2013,8,18,18.59,45.21,medio
2013,8,19,13.63,42.12,medio
2013,8,20,15.08,35.75,medio
2013,8,21,13.73,25.71,medio
2013,8,22,13.09,29.21,medio
2013,8,23,11.41,34.12,medio
2013,8,24,18.48,28.42,medio
2013,8,25,14.43,44.21,medio
2013,8,26,15.5,38.54,medio
2013,8,27,14.96,36.42,medio
2013,8,28,15.44,33.88,medio
2013,8,29,18.79,23.83,medio
2013,8,30,9.0,27.42,medio
2013,8,31,15.48,29.46,medio
2013,9,1,11.84,32.75,medio
2013,9,2,4.92,46.58,medio
2013,9,3,12.41,36.46,medio
2013,9,4,6.49,33.17,medio
2013,9,5,12.35,15.75,Bajo
2013,9,6,,27.83,
2013,9,7,,27.29,
2013,9,8,,43.21,
2013,9,9,,30.88,
2013,9,10,,15.79,
2013,9,11,,6.17,
2013,9,12,,5.83,
2013,9,13,,20.08,
2013,9,14,,19.21,
2013,9,15,,10.12,
2013,9,16,,9.37,
2013,9,17,,19.67,
2013,9,18,,27.17,
2013,9,19,,24.17,
2013,9,20,,10.62,
2013,9,21,,6.29,
2013,9,22,,13.75,
2013,9,23,,20.33,
2013,9,24,,20.79,
2013,9,25,,24.75,
2013,9,26,,21.92,
2013,9,27,,21.46,
2013,9,28,,13.92,
2013,9,29,,22.62,
2013,9,30,,18.33,
2013,10,1,,15.54,
2013,10,2,,12.83,
2013,10,3,,12.75,
2013,10,4,,24.17,
2013,10,5,,21.96,
2013,10,6,,17.04,
2013,10,7,,16.29,
2013,10,8,,15.79,
2013,10,9,,19.79,
2013,10,10,,19.54,
2013,10,11,,20.96,
2013,10,12,,16.38,
2013,10,13,,16.71,
2013,10,14,,18.21,
2013,10,15,,24.58,
2013,10,16,,22.33,
2013,10,17,25.85,21.17,medio
2013,10,18,14.71,20.17,medio
2013,10,19,13.03,14.83,Bajo
2013,10,20,14.9,9.58,Bajo
2013,10,21,14.76,11.21,Bajo
2013,10,22,15.49,12.62,Bajo
2013,10,23,20.21,12.67,Bajo
2013,10,24,16.27,22.29,medio
2013,10,25,24.0,18.58,Bajo
2013,10,26,26.09,20.38,medio
2013,10,27,30.1,26.96,medio
2013,10,28,23.35,17.25,Bajo
2013,10,29,22.05,17.38,Bajo
2013,10,30,14.13,16.88,Bajo
2013,10,31,14.62,12.08,Bajo
2013,11,1,19.46,14.67,Bajo
2013,11,2,21.54,15.67,Bajo
2013,11,3,28.22,28.04,medio
2013,11,4,21.52,26.83,medio
2013,11,5,20.1,20.54,medio
2013,11,6,18.52,12.83,Bajo
2013,11,7,18.87,17.79,Bajo
2013,11,8,19.13,18.79,Bajo
2013,11,9,14.72,18.29,Bajo
2013,11,10,17.25,12.58,Bajo
2013,11,11,18.97,22.21,medio
2013,11,12,21.57,32.5,medio
2013,11,13,25.3,29.21,medio
2013,11,14,15.52,15.71,Bajo
2013,11,15,22.43,27.46,medio
2013,11,16,26.07,39.46,medio
2013,11,17,17.71,26.25,medio
2013,11,18,15.28,18.38,Bajo
2013,11,19,23.06,21.79,medio
2013,11,20,25.27,27.83,medio
2013,11,21,30.17,29.17,medio
2013,11,22,28.72,35.02,medio
2013,11,23,20.41,25.27,medio
2013,11,24,22.81,15.46,Bajo
2013,11,25,21.14,20.35,medio
2013,11,26,19.08,17.21,Bajo
2013,11,27,22.25,,
2013,11,28,22.58,,
2013,11,29,25.34,,
2013,11,30,26.31,,
2013,12,1,27.81,15.52,extremo
2013,12,2,23.45,14.52,Bajo
2013,12,3,28.34,22.71,medio
2013,12,4,27.86,30.44,medio
2013,12,5,28.18,21.73,medio
2013,12,6,24.24,16.65,Bajo
2013,12,7,20.74,15.0,Bajo
2013,12,8,17.66,9.48,Bajo
2013,12,9,19.58,11.27,Bajo
2013,12,10,25.56,17.92,Bajo
2013,12,11,21.28,20.08,medio
2013,12,12,19.89,17.75,Bajo
2013,12,13,22.3,18.27,Bajo
2013,12,14,24.86,17.0,Bajo
2013,12,15,21.73,18.1,Bajo
2013,12,16,26.47,32.77,medio
2013,12,17,27.29,18.29,extremo
2013,12,18,23.47,19.12,medio
2013,12,19,23.05,16.38,Bajo
2013,12,20,21.84,18.25,Bajo
2013,12,21,22.95,20.73,medio
2013,12,22,20.79,15.06,Bajo
2013,12,23,24.51,20.08,medio
2013,12,24,20.25,25.31,medio
2013,12,25,24.38,14.75,Bajo
2013,12,26,22.25,14.85,Bajo
2013,12,27,24.04,15.54,Bajo
2013,12,28,30.79,19.48,medio
2013,12,29,27.86,17.44,extremo
2013,12,30,15.46,12.85,Bajo
2013,12,31,20.13,17.65,Bajo
2014,1,1,18.0,11.25,nulo
2014,1,2,19.5,11.67,nulo
2014,1,3,26.66,16.79,Alto
2014,1,4,49.5,95.88,Alto
2014,1,5,27.6,58.42,Alto
2014,1,6,30.47,36.88,Alto
2014,1,7,36.13,43.08,Alto
2014,1,8,31.28,74.62,Alto
2014,1,9,25.72,28.54,Alto
2014,1,10,27.05,31.79,Alto
2014,1,11,32.91,31.88,Alto
2014,1,12,25.77,20.75,Alto
2014,1,13,18.82,14.21,nulo
2014,1,14,20.98,16.21,nulo
2014,1,15,25.39,22.86,Alto
2014,1,16,19.68,13.62,nulo
2014,1,17,20.39,11.08,nulo
2014,1,18,16.55,11.62,nulo
2014,1,19,15.72,9.21,nulo
2014,1,20,15.37,11.08,nulo
2014,1,21,18.03,10.17,nulo
2014,1,22,17.07,9.58,nulo
2014,1,23,15.37,8.33,nulo
2014,1,24,20.7,8.96,nulo
2014,1,25,24.7,13.29,Alto
2014,1,26,26.33,13.12,Alto
2014,1,27,22.06,13.29,nulo
2014,1,28,26.3,12.54,Alto
2014,1,29,32.77,16.58,Alto
2014,1,30,25.3,21.25,Alto
2014,1,31,21.88,22.0,nulo
2014,2,1,20.51,15.42,Bajo
2014,2,2,22.5,8.58,Bajo
2014,2,3,20.34,8.63,Bajo
2014,2,4,17.69,12.75,Bajo
2014,2,5,14.58,8.42,Bajo
2014,2,6,19.93,10.62,Bajo
2014,2,7,27.23,13.08,extremo
2014,2,8,26.33,12.58,Bajo
2014,2,9,27.78,10.73,extremo
2014,2,10,23.57,15.21,Bajo
2014,2,11,25.4,14.92,Bajo
2014,2,12,32.06,18.88,extremo
2014,2,13,24.4,24.92,medio
2014,2,14,25.42,15.92,Bajo
2014,2,15,23.33,11.12,Bajo
2014,2,16,27.88,12.17,extremo
2014,2,17,27.04,18.67,extremo
2014,2,18,23.95,17.79,Bajo
2014,2,19,26.4,16.96,Bajo
2014,2,20,26.19,14.83,Bajo
2014,2,21,25.09,17.38,Bajo
2014,2,22,31.69,20.12,medio
2014,2,23,25.01,17.67,Bajo
2014,2,24,18.92,14.42,Bajo
2014,2,25,21.99,14.92,Bajo
2014,2,26,27.3,16.5,extremo
2014,2,27,25.36,19.96,medio
2014,2,28,23.62,14.88,Bajo
2014,3,1,16.26,12.58,Bajo
2014,3,2,23.01,11.75,Bajo
2014,3,3,19.88,12.58,Bajo
2014,3,4,22.6,14.92,Bajo
2014,3,5,25.77,16.92,Bajo
2014,3,6,25.38,19.0,medio
2014,3,7,27.48,24.5,medio
2014,3,8,31.17,25.21,medio
2014,3,9,19.7,9.79,Bajo
2014,3,10,20.13,8.88,Bajo
2014,3,11,23.39,18.67,Bajo
2014,3,12,25.14,17.54,Bajo
2014,3,13,17.96,16.08,Bajo
2014,3,14,18.8,15.5,Bajo
2014,3,15,20.37,16.67,Bajo
2014,3,16,19.12,11.21,Bajo
2014,3,17,21.56,16.21,Bajo
2014,3,18,21.2,15.62,Bajo
2014,3,19,22.83,20.54,medio
2014,3,20,27.19,25.21,medio
2014,3,21,23.6,30.79,medio
2014,3,22,34.55,31.38,medio
2014,3,23,27.24,25.71,medio
2014,3,24,25.71,,
2014,3,25,27.21,25.21,medio
2014,3,26,21.72,22.58,medio
2014,3,27,21.02,19.21,medio
2014,3,28,21.44,21.0,medio
2014,3,29,22.01,19.58,medio
2014,3,30,20.88,10.08,Bajo
2014,3,31,12.51,12.5,Bajo
2014,4,1,21.01,20.25,medio
2014,4,2,18.59,15.5,Bajo
2014,4,3,18.34,15.17,Bajo
2014,4,4,20.86,24.38,medio
2014,4,5,24.74,30.96,medio
2014,4,6,24.78,22.0,medio
2014,4,7,13.33,15.33,Bajo
2014,4,8,11.53,17.5,Bajo
2014,4,9,12.78,22.71,medio
2014,4,10,18.98,16.42,Bajo
2014,4,11,11.87,27.54,medio
2014,4,12,14.22,29.46,medio
2014,4,13,17.33,23.54,medio
2014,4,14,13.04,27.04,medio
2014,4,15,22.76,28.71,medio
2014,4,16,15.8,20.92,medio
2014,4,17,9.92,32.42,medio
2014,4,18,13.95,31.79,medio
2014,4,19,19.25,30.42,medio
2014,4,20,16.7,22.29,medio
2014,4,21,11.86,27.79,medio
2014,4,22,14.28,34.92,medio
2014,4,23,15.9,38.42,medio
2014,4,24,11.43,41.42,medio
2014,4,25,8.3,46.46,medio
2014,4,26,7.89,23.62,medio
2014,4,27,14.47,22.75,medio
2014,4,28,10.86,32.33,medio
2014,4,29,12.39,39.67,medio
2014,4,30,10.23,41.04,medio
2014,5,1,3.48,33.33,medio
2014,5,2,1.46,37.75,medio
2014,5,3,8.35,16.04,Bajo
2014,5,4,9.55,23.71,medio
2014,5,5,2.82,23.46,medio
2014,5,6,8.92,47.58,medio
2014,5,7,7.81,37.79,medio
2014,5,8,8.95,35.79,medio
2014,5,9,2.75,18.73,Bajo
2014,5,10,2.33,27.83,medio
2014,5,11,6.87,29.62,medio
2014,5,12,8.61,54.83,medio
2014,5,13,9.5,66.58,medio
2014,5,14,7.84,32.29,medio
2014,5,15,7.97,27.42,medio
2014,5,16,8.27,31.42,medio
2014,5,17,5.78,61.88,medio
2014,5,18,10.75,55.2,medio
2014,5,19,5.8,33.21,medio
2014,5,20,4.69,15.35,Bajo
2014,5,21,6.58,,
2014,5,22,5.24,23.14,medio
2014,5,23,5.88,39.92,medio
2014,5,24,5.91,57.04,medio
2014,5,25,6.03,59.79,medio
2014,5,26,6.35,72.79,medio
2014,5,27,5.29,67.04,medio
2014,5,28,8.29,34.88,medio
2014,5,29,5.91,23.58,medio
2014,5,30,6.1,28.83,medio
2014,5,31,5.96,60.21,medio
2014,6,1,8.25,85.08,medio
2014,6,2,1.87,71.17,medio
2014,6,3,4.23,56.2,medio
2014,6,4,10.23,,
2014,6,5,5.58,14.7,Bajo
2014,6,6,5.72,,
2014,6,7,5.2,,
2014,6,8,4.23,27.75,medio
2014,6,9,3.48,41.67,medio
2014,6,10,2.08,43.04,medio
2014,6,11,3.17,,
2014,6,12,4.86,,
2014,6,13,4.15,80.58,medio
2014,6,14,2.35,126.2,medio
2014,6,15,4.38,69.58,medio
2014,6,16,4.02,51.79,medio
2014,6,17,2.73,59.29,medio
2014,6,18,3.25,45.08,medio
2014,6,19,2.05,26.96,medio
2014,6,20,2.03,34.38,medio
2014,6,21,2.01,38.54,medio
2014,6,22,2.05,70.83,medio
2014,6,23,3.85,66.42,medio
2014,6,24,3.84,54.88,medio
2014,6,25,2.92,36.71,medio
2014,6,26,4.23,44.92,medio
2014,6,27,3.42,77.58,medio
2014,6,28,5.03,109.3,medio
2014,6,29,6.85,101.7,medio
2014,6,30,3.23,35.75,medio
2014,7,1,3.73,60.58,medio
2014,7,2,6.43,44.62,medio
2014,7,3,4.51,46.83,medio
2014,7,4,6.86,17.88,Bajo
2014,7,5,5.98,25.38,medio
2014,7,6,6.58,62.21,medio
2014,7,7,3.92,61.71,medio
2014,7,8,3.62,65.38,medio
2014,7,9,3.36,84.79,medio
2014,7,10,5.88,70.46,medio
2014,7,11,2.09,61.42,medio
2014,7,12,4.05,75.67,medio
2014,7,13,7.13,76.5,medio
2014,7,14,5.95,20.96,medio
2014,7,15,2.24,15.46,Bajo
2014,7,16,4.65,30.54,medio
2014,7,17,5.03,45.46,medio
2014,7,18,4.2,64.3,medio
2014,7,19,5.18,51.04,medio
2014,7,20,2.99,21.54,medio
2014,7,21,3.1,31.75,medio
2014,7,22,4.28,,
2014,7,23,6.97,,
2014,7,24,4.45,45.21,medio
2014,7,25,5.35,62.08,medio
2014,7,26,2.32,74.38,medio
2014,7,27,6.22,47.92,medio
2014,7,28,1.72,56.5,medio
2014,7,29,5.75,42.79,medio
2014,7,30,1.58,31.0,medio
2014,7,31,1.13,55.75,medio
2014,8,1,4.4,65.95,medio
2014,8,2,5.13,23.21,medio
2014,8,3,8.75,18.12,Bajo
2014,8,4,1.31,38.08,medio
2014,8,5,6.31,38.42,medio
2014,8,6,5.67,20.58,medio
2014,8,7,4.34,45.38,medio
2014,8,8,3.32,51.83,medio
2014,8,9,5.92,46.79,medio
2014,8,10,4.21,39.92,medio
2014,8,11,7.6,29.17,medio
2014,8,12,4.34,41.7,medio
2014,8,13,4.58,59.58,medio
2014,8,14,4.2,45.12,medio
2014,8,15,6.12,62.25,medio
2014,8,16,9.17,82.5,medio
2014,8,17,13.11,48.79,medio
2014,8,18,9.11,25.09,medio
2014,8,19,3.34,20.5,medio
2014,8,20,5.32,46.08,medio
2014,8,21,7.24,48.58,medio
2014,8,22,6.04,28.5,medio
2014,8,23,5.75,12.88,Bajo
2014,8,24,12.46,12.55,Bajo
2014,8,25,7.63,28.12,medio
2014,8,26,9.72,28.71,medio
2014,8,27,8.6,33.38,medio
2014,8,28,4.56,44.0,medio
2014,8,29,9.24,30.79,medio
2014,8,30,9.49,15.21,Bajo
2014,8,31,3.7,36.5,medio
2014,9,1,2.96,9.59,Bajo
2014,9,2,2.13,,
2014,9,3,2.42,17.75,Bajo
2014,9,4,7.11,17.04,Bajo
2014,9,5,13.4,,
2014,9,6,6.83,28.0,medio
2014,9,7,14.31,40.29,medio
2014,9,8,8.75,,
2014,9,9,14.16,,
2014,9,10,11.55,18.17,Bajo
2014,9,11,15.52,30.58,medio
2014,9,12,16.64,32.21,medio
2014,9,13,8.49,16.83,Bajo
2014,9,14,14.07,17.29,Bajo
2014,9,15,15.83,24.79,medio
2014,9,16,9.79,23.21,medio
2014,9,17,9.65,20.12,medio
2014,9,18,,26.5,
2014,9,19,,40.92,
2014,9,20,,37.33,
2014,9,21,,14.67,
2014,9,22,8.29,7.0,Bajo
2014,9,23,5.97,19.83,medio
2014,9,24,4.57,29.67,medio
2014,9,25,10.69,14.12,Bajo
2014,9,26,9.89,19.17,medio
2014,9,27,7.94,20.08,medio
2014,9,28,14.82,18.96,Bajo
2014,9,29,7.55,9.5,Bajo
2014,9,30,12.93,21.46,medio
2014,10,1,17.38,27.04,medio
2014,10,2,14.69,24.7,medio
2014,10,3,11.83,,
2014,10,4,17.81,10.46,Bajo
2014,10,5,17.74,16.06,Bajo
2014,10,6,20.09,20.79,medio
2014,10,7,15.92,20.5,medio
2014,10,8,11.65,15.46,Bajo
2014,10,9,19.47,,
2014,10,10,18.6,18.0,Bajo
2014,10,11,22.89,21.46,medio
2014,10,12,23.45,20.38,medio
2014,10,13,23.18,18.17,Bajo
2014,10,14,20.55,22.21,medio
2014,10,15,16.93,17.7,Bajo
2014,10,16,18.69,18.22,Bajo
2014,10,17,14.72,,
2014,10,18,8.53,,
2014,10,19,20.31,,
2014,10,20,21.81,,
2014,10,21,19.48,18.21,Bajo
2014,10,22,18.77,,
2014,10,23,18.07,,
2014,10,24,22.48,,
2014,10,25,26.7,,
2014,10,26,24.05,,
2014,10,27,22.65,,
2014,10,28,19.07,,
2014,10,29,18.63,,
2014,10,30,19.59,,
2014,10,31,20.67,,
2014,11,1,19.08,,
2014,11,2,19.91,,
2014,11,3,16.52,,
2014,11,4,20.48,,
2014,11,5,20.07,,
2014,11,6,19.64,,
2014,11,7,22.19,,
2014,11,8,26.53,,
2014,11,9,24.36,,
2014,11,10,19.93,,
2014,11,11,18.97,,
2014,11,12,23.88,,
2014,11,13,27.41,,
2014,11,14,25.08,,
2014,11,15,24.23,,
2014,11,16,30.43,,
2014,11,17,22.27,,
2014,11,18,16.08,,
2014,11,19,20.8,,
2014,11,20,20.1,,
2014,11,21,22.35,,
2014,11,22,26.17,36.29,medio
2014,11,23,20.9,9.71,Bajo
2014,11,24,14.51,12.33,Bajo
2014,11,25,18.49,,
2014,11,26,24.65,,
2014,11,27,22.91,,
2014,11,28,16.13,,
2014,11,29,8.06,,
2014,11,30,19.83,,
2014,12,1,22.04,,
2014,12,2,25.53,,
2014,12,3,32.46,,
2014,12,4,22.51,,
2014,12,5,18.96,,
2014,12,6,18.91,,
2014,12,7,24.52,,
2014,12,8,24.32,,
2014,12,9,19.21,,
2014,12,10,16.99,,
2014,12,11,22.82,,
2014,12,12,20.17,15.21,Bajo
2014,12,13,22.15,14.33,Bajo
2014,12,14,19.52,13.92,Bajo
2014,12,15,18.11,8.58,Bajo
2014,12,16,19.35,15.88,Bajo
2014,12,17,24.43,16.58,Bajo
2014,12,18,24.11,,
2014,12,19,15.75,,
2014,12,20,7.13,5.0,Bajo
2014,12,21,14.58,,
2014,12,22,21.81,18.08,Bajo
2014,12,23,27.07,23.29,medio
2014,12,24,24.47,29.29,medio
2014,12,25,24.84,20.33,medio
2014,12,26,23.53,16.12,Bajo
2014,12,27,21.42,13.62,Bajo
2014,12,28,23.4,14.92,Bajo
2014,12,29,15.98,16.29,Bajo
2014,12,30,14.86,36.96,medio
2014,12,31,15.68,25.25,medio
2015,1,1,21.25,6.88,nulo
2015,1,2,26.03,11.12,Alto
2015,1,3,25.95,21.5,Alto
2015,1,4,31.74,24.67,Alto
2015,1,5,23.45,14.67,nulo
2015,1,6,23.25,25.71,nulo
2015,1,7,21.42,,
2015,1,8,27.41,11.0,Alto
2015,1,9,33.53,15.79,Alto
2015,1,10,26.89,13.54,Alto
2015,1,11,31.01,14.38,Alto
2015,1,12,28.66,19.35,Alto
2015,1,13,28.1,21.25,Alto
2015,1,14,27.47,16.67,Alto
2015,1,15,24.8,11.92,Alto
2015,1,16,26.17,18.08,Alto
2015,1,17,24.61,17.04,Alto
2015,1,18,20.12,13.54,nulo
2015,1,19,21.6,8.88,nulo
2015,1,20,23.97,8.5,nulo
2015,1,21,19.87,9.83,nulo
2015,1,22,20.78,11.09,nulo
2015,1,23,22.57,11.08,nulo
2015,1,24,23.05,10.79,nulo
2015,1,25,18.82,8.4,nulo
2015,1,26,16.79,7.68,nulo
2015,1,27,18.6,11.5,nulo
2015,1,28,25.19,14.67,Alto
2015,1,29,24.16,17.21,Alto
2015,1,30,22.5,15.96,nulo
2015,1,31,26.51,16.29,Alto
2015,2,1,27.86,33.88,medio
2015,2,2,26.25,22.04,medio
2015,2,3,24.68,20.21,medio
2015,2,4,25.89,17.75,Bajo
2015,2,5,21.09,17.5,Bajo
2015,2,6,24.56,20.67,medio
2015,2,7,19.76,18.42,Bajo
2015,2,8,15.92,9.83,Bajo
2015,2,9,19.55,19.04,medio
2015,2,10,24.9,17.58,Bajo
2015,2,11,25.94,19.21,medio
2015,2,12,24.64,23.71,medio
2015,2,13,27.95,28.96,medio
2015,2,14,26.78,30.79,medio
2015,2,15,29.97,25.29,medio
2015,2,16,25.97,31.17,medio
2015,2,17,23.47,26.71,medio
2015,2,18,22.68,22.08,medio
2015,2,19,28.09,37.38,medio
2015,2,20,23.3,38.92,medio
2015,2,21,22.77,21.83,medio
2015,2,22,21.19,15.46,Bajo
2015,2,23,20.67,19.21,medio
2015,2,24,14.57,19.92,medio
2015,2,25,24.17,23.54,medio
2015,2,26,19.21,17.75,Bajo
2015,2,27,21.25,13.79,Bajo
2015,2,28,18.41,9.67,Bajo
2015,3,1,18.97,8.71,Bajo
2015,3,2,19.12,13.25,Bajo
2015,3,3,20.13,15.04,Bajo
2015,3,4,22.95,18.33,Bajo
2015,3,5,24.28,16.29,Bajo
2015,3,6,21.62,23.25,medio
2015,3,7,19.63,18.5,Bajo
2015,3,8,20.27,12.83,Bajo
2015,3,9,19.49,19.0,medio
2015,3,10,24.82,,
2015,3,11,28.34,,
2015,3,12,26.41,,
2015,3,13,24.76,,
2015,3,14,23.82,,
2015,3,15,31.13,,
2015,3,16,25.04,,
2015,3,17,24.86,26.67,medio
2015,3,18,26.38,26.54,medio
2015,3,19,24.09,22.0,medio
2015,3,20,25.35,28.38,medio
2015,3,21,17.64,25.38,medio
2015,3,22,13.0,14.33,Bajo
2015,3,23,7.98,15.46,Bajo
2015,3,24,4.24,15.79,Bajo
2015,3,25,7.87,32.92,medio
2015,3,26,12.41,9.0,Bajo
2015,3,27,15.25,16.0,Bajo
2015,3,28,22.24,23.96,medio
2015,3,29,24.16,15.25,Bajo
2015,3,30,18.37,17.17,Bajo
2015,3,31,15.9,17.95,Bajo
2015,4,1,22.04,27.67,medio
2015,4,2,20.38,25.04,medio
2015,4,3,17.73,11.29,Bajo
2015,4,4,15.18,8.17,Bajo
2015,4,5,23.12,18.25,Bajo
2015,4,6,15.43,17.08,Bajo
2015,4,7,12.76,14.38,Bajo
2015,4,8,14.98,29.58,medio
2015,4,9,15.22,20.92,medio
2015,4,10,13.61,29.33,medio
2015,4,11,21.93,31.0,medio
2015,4,12,26.82,28.38,medio
2015,4,13,21.36,28.46,medio
2015,4,14,16.12,25.46,medio
2015,4,15,10.81,12.08,Bajo
2015,4,16,16.21,20.5,medio
2015,4,17,11.09,32.54,medio
2015,4,18,21.01,32.17,medio
2015,4,19,12.91,13.88,Bajo
2015,4,20,3.92,35.92,medio
2015,4,21,12.17,39.25,medio
2015,4,22,13.83,39.29,medio
2015,4,23,17.11,38.08,medio
2015,4,24,16.26,41.88,medio
2015,4,25,19.57,64.67,medio
2015,4,26,19.7,57.62,medio
2015,4,27,22.41,66.96,medio
2015,4,28,17.17,59.12,medio
2015,4,29,13.86,57.29,medio
2015,4,30,16.34,46.92,medio
2015,5,1,12.72,44.42,medio
2015,5,2,14.38,29.33,medio
2015,5,3,11.97,22.88,medio
2015,5,4,8.1,31.71,medio
2015,5,5,8.87,39.5,medio
2015,5,6,12.66,50.04,medio
2015,5,7,10.48,46.46,medio
2015,5,8,3.38,50.29,medio
2015,5,9,8.21,67.42,medio
2015,5,10,14.33,53.88,medio
2015,5,11,9.88,43.88,medio
2015,5,12,4.49,54.0,medio
2015,5,13,6.79,60.08,medio
2015,5,14,10.19,51.29,medio
2015,5,15,8.62,55.21,medio
2015,5,16,13.31,73.25,medio
2015,5,17,13.25,76.5,medio
2015,5,18,11.77,73.42,medio
2015,5,19,11.78,54.12,medio
2015,5,20,8.58,27.04,medio
2015,5,21,6.66,42.96,medio
2015,5,22,4.29,61.96,medio
2015,5,23,5.85,48.79,medio
2015,5,24,11.03,59.08,medio
2015,5,25,3.02,68.12,medio
2015,5,26,5.79,79.88,medio
2015,5,27,6.71,92.38,medio
2015,5,28,4.02,86.42,medio
2015,5,29,7.64,56.33,medio
2015,5,30,5.01,66.08,medio
2015,5,31,4.14,81.17,medio
2015,6,1,1.04,92.0,medio
2015,6,2,1.89,75.25,medio
2015,6,3,4.3,63.67,medio
2015,6,4,1.08,104.4,medio
2015,6,5,4.95,73.33,medio
2015,6,6,4.67,39.12,medio
2015,6,7,7.85,26.21,medio
2015,6,8,6.5,31.21,medio
2015,6,9,2.98,41.54,medio
2015,6,10,7.72,29.22,medio
2015,6,11,4.06,52.0,medio
2015,6,12,5.36,61.46,medio
2015,6,13,8.54,24.71,medio
2015,6,14,7.06,61.08,medio
2015,6,15,3.33,49.21,medio
2015,6,16,4.42,54.54,medio
2015,6,17,4.07,66.88,medio
2015,6,18,3.32,72.75,medio
2015,6,19,3.42,70.21,medio
2015,6,20,5.26,91.5,medio
2015,6,21,2.41,95.0,medio
2015,6,22,3.74,92.88,medio
2015,6,23,4.08,54.92,medio
2015,6,24,5.03,54.04,medio
2015,6,25,4.45,63.21,medio
2015,6,26,3.46,71.71,medio
2015,6,27,5.32,75.38,medio
2015,6,28,8.9,64.88,medio
2015,6,29,8.29,71.83,medio
2015,6,30,1.18,111.0,medio
2015,7,1,1.64,93.42,medio
2015,7,2,5.12,89.75,medio
2015,7,3,5.08,70.54,medio
2015,7,4,8.21,68.25,medio
2015,7,5,1.46,85.17,medio
2015,7,6,1.27,59.38,medio
2015,7,7,3.47,63.33,medio
2015,7,8,1.05,103.0,medio
2015,7,9,1.87,70.58,medio
2015,7,10,1.0,63.62,medio
2015,7,11,1.19,66.67,medio
2015,7,12,12.06,7.79,Bajo
2015,7,13,9.58,10.92,Bajo
2015,7,14,3.04,42.29,medio
2015,7,15,1.02,74.29,medio
2015,7,16,5.21,80.12,medio
2015,7,17,3.99,62.25,medio
2015,7,18,5.29,63.0,medio
2015,7,19,4.12,31.54,medio
2015,7,20,4.21,44.54,medio
2015,7,21,1.56,83.17,medio
2015,7,22,2.88,86.29,medio
2015,7,23,3.96,74.58,medio
2015,7,24,2.27,78.12,medio
2015,7,25,2.45,95.62,medio
2015,7,26,4.89,67.42,medio
2015,7,27,2.51,31.62,medio
2015,7,28,1.0,54.54,medio
2015,7,29,3.06,56.54,medio
2015,7,30,5.75,30.21,medio
2015,7,31,2.07,34.71,medio
2015,8,1,1.0,77.21,medio
2015,8,2,1.48,36.67,medio
2015,8,3,1.03,60.58,medio
2015,8,4,4.15,51.67,medio
2015,8,5,3.14,17.04,Bajo
2015,8,6,4.82,11.92,Bajo
2015,8,7,1.9,35.25,medio
2015,8,8,,13.37,
2015,8,9,,6.5,
2015,8,10,,10.22,
2015,8,11,5.99,27.08,medio
2015,8,12,2.83,32.12,medio
2015,8,13,3.92,38.38,medio
2015,8,14,6.45,45.5,medio
2015,8,15,7.18,29.12,medio
2015,8,16,12.26,35.46,medio
2015,8,17,8.8,27.29,medio
2015,8,18,8.25,51.83,medio
2015,8,19,7.89,56.79,medio
2015,8,20,8.42,42.45,medio
2015,8,21,11.5,20.71,medio
2015,8,22,10.95,12.42,Bajo
2015,8,23,5.44,32.79,medio
2015,8,24,6.22,47.08,medio
2015,8,25,8.11,17.67,Bajo
2015,8,26,6.44,20.04,medio
2015,8,27,1.15,48.96,medio
2015,8,28,6.73,46.54,medio
2015,8,29,,,
2015,8,30,,,
2015,8,31,8.82,23.71,medio
2015,9,1,,25.62,
2015,9,2,,24.71,
2015,9,3,,30.62,
2015,9,4,22.99,41.17,medio
2015,9,5,17.88,48.29,medio
2015,9,6,18.22,10.79,Bajo
2015,9,7,7.91,9.29,Bajo
2015,9,8,4.23,28.21,medio
2015,9,9,6.85,31.5,medio
2015,9,10,13.72,26.08,medio
2015,9,11,15.3,29.58,medio
2015,9,12,18.74,54.83,medio
2015,9,13,22.27,37.17,medio
2015,9,14,12.2,29.79,medio
2015,9,15,9.0,25.79,medio
2015,9,16,12.97,31.88,medio
2015,9,17,22.04,18.58,Bajo
2015,9,18,18.33,27.21,medio
2015,9,19,15.56,37.25,medio
2015,9,20,21.66,29.83,medio
2015,9,21,21.84,15.83,Bajo
2015,9,22,21.68,16.71,Bajo
2015,9,23,17.02,14.68,Bajo
2015,9,24,7.96,16.79,Bajo
2015,9,25,8.34,27.5,medio
2015,9,26,14.68,30.46,medio
2015,9,27,10.53,44.79,medio
2015,9,28,19.61,31.71,medio
2015,9,29,16.36,24.79,medio
2015,9,30,10.83,24.7,medio
2015,10,1,11.83,12.04,Bajo
2015,10,2,,,
2015,10,3,,,
2015,10,4,13.76,14.79,Bajo
2015,10,5,8.34,14.67,Bajo
2015,10,6,11.66,12.71,Bajo
2015,10,7,15.42,10.92,Bajo
2015,10,8,11.9,17.75,Bajo
2015,10,9,17.38,19.46,medio
2015,10,10,18.87,22.71,medio
2015,10,11,,,
2015,10,12,,,
2015,10,13,,,
2015,10,14,14.29,8.67,Bajo
2015,10,15,13.07,13.5,Bajo
2015,10,16,4.75,24.38,medio
2015,10,17,,,
2015,10,18,,,
2015,10,19,9.94,16.62,Bajo
2015,10,20,10.61,20.09,medio
2015,10,21,15.07,13.33,Bajo
2015,10,22,,,
2015,10,23,,,
2015,10,24,16.24,10.46,Bajo
2015,10,25,13.96,12.42,Bajo
2015,10,26,,,
2015,10,27,,,
2015,10,28,15.18,13.42,Bajo
2015,10,29,15.94,17.7,Bajo
2015,10,30,22.53,14.46,Bajo
2015,10,31,,,
2015,11,1,,,
2015,11,2,14.64,17.7,Bajo
2015,11,3,19.35,19.57,medio
2015,11,4,23.62,14.83,Bajo
2015,11,5,22.52,21.04,medio
2015,11,6,18.73,23.04,medio
2015,11,7,14.02,14.67,Bajo
2015,11,8,13.77,15.38,Bajo
2015,11,9,16.7,7.63,Bajo
2015,11,10,19.17,10.29,Bajo
2015,11,11,19.71,9.17,Bajo
2015,11,12,20.96,11.29,Bajo
2015,11,13,22.86,19.46,medio
2015,11,14,24.92,16.0,Bajo
2015,11,15,20.89,9.33,Bajo
2015,11,16,15.9,8.5,Bajo
2015,11,17,16.39,8.33,Bajo
2015,11,18,16.41,7.96,Bajo
2015,11,19,20.32,6.17,Bajo
2015,11,20,21.47,13.58,Bajo
2015,11,21,20.03,10.12,Bajo
2015,11,22,20.1,9.5,Bajo
2015,11,23,17.58,8.38,Bajo
2015,11,24,13.17,6.17,Bajo
2015,11,25,15.04,5.29,Bajo
2015,11,26,13.87,5.22,Bajo
2015,11,27,20.07,8.23,Bajo
2015,11,28,23.02,11.54,Bajo
2015,11,29,32.06,15.12,extremo
2015,11,30,20.87,16.04,Bajo
2015,12,1,19.66,16.58,Bajo
2015,12,2,14.41,10.62,Bajo
2015,12,3,19.32,11.71,Bajo
2015,12,4,24.43,14.92,Bajo
2015,12,5,29.13,15.62,extremo
2015,12,6,19.73,12.12,Bajo
2015,12,7,19.4,11.08,Bajo
2015,12,8,19.46,10.25,Bajo
2015,12,9,23.98,14.71,Bajo
2015,12,10,26.51,15.96,Bajo
2015,12,11,23.4,17.29,Bajo
2015,12,12,19.37,15.58,Bajo
2015,12,13,19.61,7.88,Bajo
2015,12,14,19.13,9.08,Bajo
2015,12,15,27.37,12.88,extremo
2015,12,16,17.6,10.58,Bajo
2015,12,17,21.18,12.96,Bajo
2015,12,18,23.66,14.42,Bajo
2015,12,19,22.68,18.21,Bajo
2015,12,20,19.0,10.88,Bajo
2015,12,21,18.61,10.46,Bajo
2015,12,22,17.2,9.88,Bajo
2015,12,23,19.25,10.0,Bajo
2015,12,24,32.13,15.08,extremo
2015,12,25,32.64,13.75,extremo
2015,12,26,30.4,15.12,extremo
2015,12,27,28.43,17.46,extremo
2015,12,28,21.18,14.17,Bajo
2015,12,29,15.4,14.04,Bajo
2015,12,30,15.67,18.75,Bajo
2015,12,31,,,
2016,1,1,,,
2016,1,2,,,
2016,1,3,,,
2016,1,4,,,
2016,1,5,21.38,21.62,nulo
2016,1,6,18.65,18.88,nulo
2016,1,7,15.28,13.29,nulo
2016,1,8,14.96,10.83,nulo
2016,1,9,19.95,10.27,nulo
2016,1,10,21.34,10.25,nulo
2016,1,11,16.28,8.96,nulo
2016,1,12,18.41,8.92,nulo
2016,1,13,24.46,13.54,Alto
2016,1,14,21.59,15.21,nulo
2016,1,15,23.59,18.88,nulo
2016,1,16,25.3,19.67,Alto
2016,1,17,27.88,13.67,Alto
2016,1,18,25.16,26.42,Alto
2016,1,19,25.0,17.04,Alto
2016,1,20,27.83,17.42,Alto
2016,1,21,18.96,14.5,nulo
2016,1,22,20.56,15.42,nulo
2016,1,23,17.81,13.04,nulo
2016,1,24,18.37,5.58,nulo
2016,1,25,12.37,11.88,nulo
2016,1,26,16.63,9.0,nulo
2016,1,27,13.18,11.0,nulo
2016,1,28,19.89,11.5,nulo
2016,1,29,14.28,11.38,nulo
2016,1,30,28.27,15.75,Alto
2016,1,31,21.04,12.96,nulo
2016,2,1,18.87,19.38,medio
2016,2,2,15.08,24.04,medio
2016,2,3,,25.0,
2016,2,4,19.71,16.92,Bajo
2016,2,5,18.38,15.29,Bajo
2016,2,6,20.81,14.25,Bajo
2016,2,7,21.0,12.5,Bajo
2016,2,8,,15.42,
2016,2,9,23.32,24.5,medio
2016,2,10,15.06,17.83,Bajo
2016,2,11,,14.17,
2016,2,12,18.69,13.71,Bajo
2016,2,13,,12.71,
2016,2,14,23.42,13.21,Bajo
2016,2,15,18.17,14.42,Bajo
2016,2,16,18.02,13.88,Bajo
2016,2,17,24.65,11.79,Bajo
2016,2,18,20.01,12.67,Bajo
2016,2,19,23.97,13.09,Bajo
2016,2,20,26.61,15.75,Bajo
2016,2,21,23.47,15.25,Bajo
2016,2,22,22.23,14.79,Bajo
2016,2,23,24.47,20.5,medio
2016,2,24,24.2,20.92,medio
2016,2,25,20.94,18.75,Bajo
2016,2,26,19.18,14.17,Bajo
2016,2,27,22.93,17.12,Bajo
2016,2,28,26.7,15.33,Bajo
2016,2,29,24.62,16.96,Bajo
2016,3,1,28.86,32.67,medio
2016,3,2,28.78,27.96,medio
